"lon","lat","date","rain"
"21.25","-28.75",1979-01-01,0.72151255607605
"23.75","-28.75",1979-01-01,1.6656436920166
"21.25","-26.25",1979-01-01,1.94918024539948
"23.75","-26.25",1979-01-01,2.27373957633972
"21.25","-28.75",1979-02-01,0.639126658439636
"23.75","-28.75",1979-02-01,2.19901275634766
"21.25","-26.25",1979-02-01,2.00628590583801
"23.75","-26.25",1979-02-01,2.38844275474548
"21.25","-28.75",1979-03-01,0.0436119399964809
"23.75","-28.75",1979-03-01,0.564516603946686
"21.25","-26.25",1979-03-01,0.10593044012785
"23.75","-26.25",1979-03-01,0.289728611707687
"21.25","-28.75",1979-04-01,0.654210805892944
"23.75","-28.75",1979-04-01,1.17953443527222
"21.25","-26.25",1979-04-01,1.36341392993927
"23.75","-26.25",1979-04-01,0.909253478050232
"21.25","-28.75",1979-05-01,0.672041475772858
"23.75","-28.75",1979-05-01,0.915874898433685
"21.25","-26.25",1979-05-01,0.626102387905121
"23.75","-26.25",1979-05-01,0.405656844377518
"21.25","-28.75",1979-06-01,0.083119735121727
"23.75","-28.75",1979-06-01,0.0653862580657005
"21.25","-26.25",1979-06-01,0.0185504909604788
"23.75","-26.25",1979-06-01,0.0806137770414352
"21.25","-28.75",1979-07-01,0.441528826951981
"23.75","-28.75",1979-07-01,0.39589911699295
"21.25","-26.25",1979-07-01,0.225766718387604
"23.75","-26.25",1979-07-01,0.053032860159874
"21.25","-28.75",1979-08-01,0.679496109485626
"23.75","-28.75",1979-08-01,1.59601604938507
"21.25","-26.25",1979-08-01,0.445128440856934
"23.75","-26.25",1979-08-01,1.55518674850464
"21.25","-28.75",1979-09-01,0.0342773795127869
"23.75","-28.75",1979-09-01,0.0601392015814781
"21.25","-26.25",1979-09-01,0.0668369382619858
"23.75","-26.25",1979-09-01,0.0867490097880363
"21.25","-28.75",1979-10-01,0.518401503562927
"23.75","-28.75",1979-10-01,1.2937479019165
"21.25","-26.25",1979-10-01,0.94253146648407
"23.75","-26.25",1979-10-01,1.48656415939331
"21.25","-28.75",1979-11-01,0.401714891195297
"23.75","-28.75",1979-11-01,1.38150691986084
"21.25","-26.25",1979-11-01,1.00980925559998
"23.75","-26.25",1979-11-01,2.09789276123047
"21.25","-28.75",1979-12-01,0.148322284221649
"23.75","-28.75",1979-12-01,0.697592437267303
"21.25","-26.25",1979-12-01,0.705316066741943
"23.75","-26.25",1979-12-01,1.10705304145813
"21.25","-28.75",1980-01-01,0.08293367177248
"23.75","-28.75",1980-01-01,0.702216506004333
"21.25","-26.25",1980-01-01,0.346732169389725
"23.75","-26.25",1980-01-01,1.23732566833496
"21.25","-28.75",1980-02-01,1.31660950183868
"23.75","-28.75",1980-02-01,3.16996073722839
"21.25","-26.25",1980-02-01,2.37372589111328
"23.75","-26.25",1980-02-01,2.60286664962769
"21.25","-28.75",1980-03-01,1.72912704944611
"23.75","-28.75",1980-03-01,2.14714050292969
"21.25","-26.25",1980-03-01,1.05203247070312
"23.75","-26.25",1980-03-01,1.17956912517548
"21.25","-28.75",1980-04-01,0.19199675321579
"23.75","-28.75",1980-04-01,0.466322660446167
"21.25","-26.25",1980-04-01,0.247599631547928
"23.75","-26.25",1980-04-01,0.530142962932587
"21.25","-28.75",1980-05-01,0.0112118646502495
"23.75","-28.75",1980-05-01,0.0101306904107332
"21.25","-26.25",1980-05-01,0.0138628017157316
"23.75","-26.25",1980-05-01,0.00965998135507107
"21.25","-28.75",1980-06-01,0.0630607753992081
"23.75","-28.75",1980-06-01,0.0194798745214939
"21.25","-26.25",1980-06-01,0.0116137908771634
"23.75","-26.25",1980-06-01,0.00512882228940725
"21.25","-28.75",1980-07-01,0.00449912529438734
"23.75","-28.75",1980-07-01,0.00821633078157902
"21.25","-26.25",1980-07-01,0.00695209437981248
"23.75","-26.25",1980-07-01,0.00474580097943544
"21.25","-28.75",1980-08-01,0.566260695457458
"23.75","-28.75",1980-08-01,0.6522616147995
"21.25","-26.25",1980-08-01,0.175947442650795
"23.75","-26.25",1980-08-01,0.114120066165924
"21.25","-28.75",1980-09-01,0.751552939414978
"23.75","-28.75",1980-09-01,1.08864915370941
"21.25","-26.25",1980-09-01,0.356415033340454
"23.75","-26.25",1980-09-01,0.950836479663849
"21.25","-28.75",1980-10-01,0.065898559987545
"23.75","-28.75",1980-10-01,0.021052049472928
"21.25","-26.25",1980-10-01,0.036187931895256
"23.75","-26.25",1980-10-01,0.0507719591259956
"21.25","-28.75",1980-11-01,0.59371030330658
"23.75","-28.75",1980-11-01,2.09921932220459
"21.25","-26.25",1980-11-01,0.69253146648407
"23.75","-26.25",1980-11-01,2.94963335990906
"21.25","-28.75",1980-12-01,0.521719634532928
"23.75","-28.75",1980-12-01,1.03649985790253
"21.25","-26.25",1980-12-01,0.653950393199921
"23.75","-26.25",1980-12-01,1.85096478462219
"21.25","-28.75",1981-01-01,0.208976149559021
"23.75","-28.75",1981-01-01,2.34317851066589
"21.25","-26.25",1981-01-01,0.629798591136932
"23.75","-26.25",1981-01-01,3.7225821018219
"21.25","-28.75",1981-02-01,1.85599493980408
"23.75","-28.75",1981-02-01,3.52575325965881
"21.25","-26.25",1981-02-01,2.74221539497375
"23.75","-26.25",1981-02-01,3.02423024177551
"21.25","-28.75",1981-03-01,0.944717049598694
"23.75","-28.75",1981-03-01,1.5500990152359
"21.25","-26.25",1981-03-01,1.24250173568726
"23.75","-26.25",1981-03-01,2.39911913871765
"21.25","-28.75",1981-04-01,0.104986667633057
"23.75","-28.75",1981-04-01,0.532492280006409
"21.25","-26.25",1981-04-01,0.195222780108452
"23.75","-26.25",1981-04-01,0.223774626851082
"21.25","-28.75",1981-05-01,0.15222142636776
"23.75","-28.75",1981-05-01,0.257904291152954
"21.25","-26.25",1981-05-01,0.0248825773596764
"23.75","-26.25",1981-05-01,0.0155355492606759
"21.25","-28.75",1981-06-01,0.0588735416531563
"23.75","-28.75",1981-06-01,0.192228153347969
"21.25","-26.25",1981-06-01,0.0208236835896969
"23.75","-26.25",1981-06-01,0.201912194490433
"21.25","-28.75",1981-07-01,0.0112034063786268
"23.75","-28.75",1981-07-01,0.00403859280049801
"21.25","-26.25",1981-07-01,0.0349219664931297
"23.75","-26.25",1981-07-01,0.00403775833547115
"21.25","-28.75",1981-08-01,1.27460956573486
"23.75","-28.75",1981-08-01,1.75495588779449
"21.25","-26.25",1981-08-01,0.690631508827209
"23.75","-26.25",1981-08-01,0.912796020507812
"21.25","-28.75",1981-09-01,0.0279969871044159
"23.75","-28.75",1981-09-01,0.0386292114853859
"21.25","-26.25",1981-09-01,0
"23.75","-26.25",1981-09-01,0.148289799690247
"21.25","-28.75",1981-10-01,0.621323466300964
"23.75","-28.75",1981-10-01,0.984378457069397
"21.25","-26.25",1981-10-01,0.515009582042694
"23.75","-26.25",1981-10-01,0.554221034049988
"21.25","-28.75",1981-11-01,0.460581690073013
"23.75","-28.75",1981-11-01,1.5047150850296
"21.25","-26.25",1981-11-01,0.971605896949768
"23.75","-26.25",1981-11-01,1.99047803878784
"21.25","-28.75",1981-12-01,0.320868760347366
"23.75","-28.75",1981-12-01,2.28005313873291
"21.25","-26.25",1981-12-01,0.804472267627716
"23.75","-26.25",1981-12-01,2.26942563056946
"21.25","-28.75",1982-01-01,0.0235948339104652
"23.75","-28.75",1982-01-01,0.509670197963715
"21.25","-26.25",1982-01-01,0.638434648513794
"23.75","-26.25",1982-01-01,0.926782071590424
"21.25","-28.75",1982-02-01,0.568464815616608
"23.75","-28.75",1982-02-01,1.57374167442322
"21.25","-26.25",1982-02-01,0.798610091209412
"23.75","-26.25",1982-02-01,1.03907358646393
"21.25","-28.75",1982-03-01,0.602115511894226
"23.75","-28.75",1982-03-01,1.58401560783386
"21.25","-26.25",1982-03-01,0.30162701010704
"23.75","-26.25",1982-03-01,1.27551198005676
"21.25","-28.75",1982-04-01,1.09133815765381
"23.75","-28.75",1982-04-01,1.7476212978363
"21.25","-26.25",1982-04-01,1.27612137794495
"23.75","-26.25",1982-04-01,2.2376720905304
"21.25","-28.75",1982-05-01,0.0116809736937284
"23.75","-28.75",1982-05-01,0.0092454282566905
"21.25","-26.25",1982-05-01,0.0761760696768761
"23.75","-26.25",1982-05-01,0.00977614056318998
"21.25","-28.75",1982-06-01,0.126733332872391
"23.75","-28.75",1982-06-01,0.393539071083069
"21.25","-26.25",1982-06-01,0.0519018582999706
"23.75","-26.25",1982-06-01,0.090504914522171
"21.25","-28.75",1982-07-01,0.173202246427536
"23.75","-28.75",1982-07-01,0.69025731086731
"21.25","-26.25",1982-07-01,0.173808366060257
"23.75","-26.25",1982-07-01,0.301550060510635
"21.25","-28.75",1982-08-01,0.00714931590482593
"23.75","-28.75",1982-08-01,0.00598559156060219
"21.25","-26.25",1982-08-01,0.00198925542645156
"23.75","-26.25",1982-08-01,9.23871484701522e-05
"21.25","-28.75",1982-09-01,0.10002525895834
"23.75","-28.75",1982-09-01,0.0777534767985344
"21.25","-26.25",1982-09-01,0.0624098032712936
"23.75","-26.25",1982-09-01,0.0292746350169182
"21.25","-28.75",1982-10-01,0.802103877067566
"23.75","-28.75",1982-10-01,1.59768068790436
"21.25","-26.25",1982-10-01,1.46435081958771
"23.75","-26.25",1982-10-01,2.57766580581665
"21.25","-28.75",1982-11-01,0.0904044508934021
"23.75","-28.75",1982-11-01,0.893338859081268
"21.25","-26.25",1982-11-01,0.401855409145355
"23.75","-26.25",1982-11-01,1.00122046470642
"21.25","-28.75",1982-12-01,0.927223861217499
"23.75","-28.75",1982-12-01,1.31615626811981
"21.25","-26.25",1982-12-01,0.775768756866455
"23.75","-26.25",1982-12-01,1.29109168052673
"21.25","-28.75",1983-01-01,0.427224844694138
"23.75","-28.75",1983-01-01,0.843606173992157
"21.25","-26.25",1983-01-01,1.55919635295868
"23.75","-26.25",1983-01-01,1.79052495956421
"21.25","-28.75",1983-02-01,0.0928276777267456
"23.75","-28.75",1983-02-01,0.333791196346283
"21.25","-26.25",1983-02-01,0.0644068121910095
"23.75","-26.25",1983-02-01,0.407043248414993
"21.25","-28.75",1983-03-01,0.439689934253693
"23.75","-28.75",1983-03-01,0.909434974193573
"21.25","-26.25",1983-03-01,0.952226221561432
"23.75","-26.25",1983-03-01,1.05998921394348
"21.25","-28.75",1983-04-01,0.420984268188477
"23.75","-28.75",1983-04-01,0.622378349304199
"21.25","-26.25",1983-04-01,0.395613014698029
"23.75","-26.25",1983-04-01,0.466286838054657
"21.25","-28.75",1983-05-01,0.4496930539608
"23.75","-28.75",1983-05-01,0.567536056041718
"21.25","-26.25",1983-05-01,0.529711723327637
"23.75","-26.25",1983-05-01,1.13865041732788
"21.25","-28.75",1983-06-01,0.491858720779419
"23.75","-28.75",1983-06-01,0.534598350524902
"21.25","-26.25",1983-06-01,0.241165265440941
"23.75","-26.25",1983-06-01,0.395907819271088
"21.25","-28.75",1983-07-01,0.0133857037872076
"23.75","-28.75",1983-07-01,0.205638661980629
"21.25","-26.25",1983-07-01,0.0172819569706917
"23.75","-26.25",1983-07-01,0.194593966007233
"21.25","-28.75",1983-08-01,0
"23.75","-28.75",1983-08-01,0.0115946922451258
"21.25","-26.25",1983-08-01,0.00368113862350583
"23.75","-26.25",1983-08-01,0.0890727192163467
"21.25","-28.75",1983-09-01,0.236547529697418
"23.75","-28.75",1983-09-01,0.329510599374771
"21.25","-26.25",1983-09-01,0.0510121174156666
"23.75","-26.25",1983-09-01,0.124615080654621
"21.25","-28.75",1983-10-01,0.319151997566223
"23.75","-28.75",1983-10-01,0.928511917591095
"21.25","-26.25",1983-10-01,0.436222225427628
"23.75","-26.25",1983-10-01,0.670957446098328
"21.25","-28.75",1983-11-01,1.51268577575684
"23.75","-28.75",1983-11-01,2.88821649551392
"21.25","-26.25",1983-11-01,1.52450942993164
"23.75","-26.25",1983-11-01,1.9824333190918
"21.25","-28.75",1983-12-01,1.11798763275146
"23.75","-28.75",1983-12-01,1.99850928783417
"21.25","-26.25",1983-12-01,2.3983302116394
"23.75","-26.25",1983-12-01,2.09258556365967
"21.25","-28.75",1984-01-01,0.0782134905457497
"23.75","-28.75",1984-01-01,0.335518687963486
"21.25","-26.25",1984-01-01,0.330281257629395
"23.75","-26.25",1984-01-01,0.463288336992264
"21.25","-28.75",1984-02-01,0.173612579703331
"23.75","-28.75",1984-02-01,0.765692532062531
"21.25","-26.25",1984-02-01,0.309901595115662
"23.75","-26.25",1984-02-01,0.472381979227066
"21.25","-28.75",1984-03-01,0.975574016571045
"23.75","-28.75",1984-03-01,2.61312198638916
"21.25","-26.25",1984-03-01,1.18089210987091
"23.75","-26.25",1984-03-01,3.02810883522034
"21.25","-28.75",1984-04-01,0.823018312454224
"23.75","-28.75",1984-04-01,0.867878556251526
"21.25","-26.25",1984-04-01,1.56082427501678
"23.75","-26.25",1984-04-01,0.690629363059998
"21.25","-28.75",1984-05-01,0.311643004417419
"23.75","-28.75",1984-05-01,0.551877498626709
"21.25","-26.25",1984-05-01,0.516625106334686
"23.75","-26.25",1984-05-01,0.791270554065704
"21.25","-28.75",1984-06-01,0.508466780185699
"23.75","-28.75",1984-06-01,0.153898373246193
"21.25","-26.25",1984-06-01,0.0240326467901468
"23.75","-26.25",1984-06-01,0.251974135637283
"21.25","-28.75",1984-07-01,0.00170897366479039
"23.75","-28.75",1984-07-01,0.00649676891043782
"21.25","-26.25",1984-07-01,0.00423544179648161
"23.75","-26.25",1984-07-01,0.0111169554293156
"21.25","-28.75",1984-08-01,0.102506168186665
"23.75","-28.75",1984-08-01,0.546418428421021
"21.25","-26.25",1984-08-01,0.00542044686153531
"23.75","-26.25",1984-08-01,0.0943427830934525
"21.25","-28.75",1984-09-01,0.00366554642096162
"23.75","-28.75",1984-09-01,0.0968780219554901
"21.25","-26.25",1984-09-01,0.00211811973713338
"23.75","-26.25",1984-09-01,0.13890965282917
"21.25","-28.75",1984-10-01,0.296437710523605
"23.75","-28.75",1984-10-01,2.07966637611389
"21.25","-26.25",1984-10-01,0.763768315315247
"23.75","-26.25",1984-10-01,1.3874659538269
"21.25","-28.75",1984-11-01,0.23116460442543
"23.75","-28.75",1984-11-01,1.08936536312103
"21.25","-26.25",1984-11-01,0.679222464561462
"23.75","-26.25",1984-11-01,1.25382113456726
"21.25","-28.75",1984-12-01,0.029178187251091
"23.75","-28.75",1984-12-01,0.268208205699921
"21.25","-26.25",1984-12-01,0.098469041287899
"23.75","-26.25",1984-12-01,0.778307557106018
"21.25","-28.75",1985-01-01,0.798244059085846
"23.75","-28.75",1985-01-01,1.083012342453
"21.25","-26.25",1985-01-01,1.46964693069458
"23.75","-26.25",1985-01-01,1.636101603508
"21.25","-28.75",1985-02-01,1.13546824455261
"23.75","-28.75",1985-02-01,2.6344587802887
"21.25","-26.25",1985-02-01,1.40436601638794
"23.75","-26.25",1985-02-01,2.66449046134949
"21.25","-28.75",1985-03-01,0.783701479434967
"23.75","-28.75",1985-03-01,1.51270580291748
"21.25","-26.25",1985-03-01,0.560703277587891
"23.75","-26.25",1985-03-01,1.04455423355103
"21.25","-28.75",1985-04-01,0.252781361341476
"23.75","-28.75",1985-04-01,0.207888752222061
"21.25","-26.25",1985-04-01,0.123718738555908
"23.75","-26.25",1985-04-01,0.0937435105443001
"21.25","-28.75",1985-05-01,0.0763955861330032
"23.75","-28.75",1985-05-01,0.0690473765134811
"21.25","-26.25",1985-05-01,0.0401110798120499
"23.75","-26.25",1985-05-01,0.00907592102885246
"21.25","-28.75",1985-06-01,0.0166958309710026
"23.75","-28.75",1985-06-01,0.0140204420313239
"21.25","-26.25",1985-06-01,0.00693628191947937
"23.75","-26.25",1985-06-01,0.00099782831966877
"21.25","-28.75",1985-07-01,0.00215960736386478
"23.75","-28.75",1985-07-01,0.00150031119119376
"21.25","-26.25",1985-07-01,0.00115547701716423
"23.75","-26.25",1985-07-01,0.000587371236179024
"21.25","-28.75",1985-08-01,0
"23.75","-28.75",1985-08-01,0.0134664922952652
"21.25","-26.25",1985-08-01,0.00187356432434171
"23.75","-26.25",1985-08-01,0.00365554820746183
"21.25","-28.75",1985-09-01,0.170129030942917
"23.75","-28.75",1985-09-01,0.292101383209229
"21.25","-26.25",1985-09-01,0.0691733956336975
"23.75","-26.25",1985-09-01,0.246266067028046
"21.25","-28.75",1985-10-01,0.685624837875366
"23.75","-28.75",1985-10-01,1.75144171714783
"21.25","-26.25",1985-10-01,0.535137057304382
"23.75","-26.25",1985-10-01,1.07358336448669
"21.25","-28.75",1985-11-01,1.23549520969391
"23.75","-28.75",1985-11-01,1.36412680149078
"21.25","-26.25",1985-11-01,0.396869152784348
"23.75","-26.25",1985-11-01,0.968328773975372
"21.25","-28.75",1985-12-01,1.398805975914
"23.75","-28.75",1985-12-01,2.50082397460938
"21.25","-26.25",1985-12-01,1.14388859272003
"23.75","-26.25",1985-12-01,1.97936940193176
"21.25","-28.75",1986-01-01,0.497290730476379
"23.75","-28.75",1986-01-01,1.88876557350159
"21.25","-26.25",1986-01-01,0.910430073738098
"23.75","-26.25",1986-01-01,1.94296813011169
"21.25","-28.75",1986-02-01,0.367559194564819
"23.75","-28.75",1986-02-01,1.17236769199371
"21.25","-26.25",1986-02-01,1.45938897132874
"23.75","-26.25",1986-02-01,1.60886764526367
"21.25","-28.75",1986-03-01,0.485182851552963
"23.75","-28.75",1986-03-01,1.04935240745544
"21.25","-26.25",1986-03-01,0.407346189022064
"23.75","-26.25",1986-03-01,0.60114187002182
"21.25","-28.75",1986-04-01,0.45287549495697
"23.75","-28.75",1986-04-01,0.536468386650085
"21.25","-26.25",1986-04-01,0.996445119380951
"23.75","-26.25",1986-04-01,0.592915177345276
"21.25","-28.75",1986-05-01,0.0408306904137135
"23.75","-28.75",1986-05-01,0.00524403667077422
"21.25","-26.25",1986-05-01,0.0165000464767218
"23.75","-26.25",1986-05-01,0.0109276575967669
"21.25","-28.75",1986-06-01,0.434611827135086
"23.75","-28.75",1986-06-01,0.375203341245651
"21.25","-26.25",1986-06-01,0.311753690242767
"23.75","-26.25",1986-06-01,0.190107345581055
"21.25","-28.75",1986-07-01,0.0361366495490074
"23.75","-28.75",1986-07-01,0.007750921882689
"21.25","-26.25",1986-07-01,0.0441969893872738
"23.75","-26.25",1986-07-01,0.037902407348156
"21.25","-28.75",1986-08-01,0.0217128358781338
"23.75","-28.75",1986-08-01,0.211938247084618
"21.25","-26.25",1986-08-01,0.00484618172049522
"23.75","-26.25",1986-08-01,0.142421379685402
"21.25","-28.75",1986-09-01,0.152080744504929
"23.75","-28.75",1986-09-01,0.609049081802368
"21.25","-26.25",1986-09-01,0.373970329761505
"23.75","-26.25",1986-09-01,0.42923304438591
"21.25","-28.75",1986-10-01,0.416222453117371
"23.75","-28.75",1986-10-01,1.02707719802856
"21.25","-26.25",1986-10-01,1.27815580368042
"23.75","-26.25",1986-10-01,2.36463189125061
"21.25","-28.75",1986-11-01,0.466187804937363
"23.75","-28.75",1986-11-01,1.1063951253891
"21.25","-26.25",1986-11-01,1.85735988616943
"23.75","-26.25",1986-11-01,2.90632152557373
"21.25","-28.75",1986-12-01,0.0395163297653198
"23.75","-28.75",1986-12-01,0.396982967853546
"21.25","-26.25",1986-12-01,0.267248809337616
"23.75","-26.25",1986-12-01,0.939710080623627
"21.25","-28.75",1987-01-01,0.0176756773144007
"23.75","-28.75",1987-01-01,0.501461923122406
"21.25","-26.25",1987-01-01,0.130601525306702
"23.75","-26.25",1987-01-01,0.778241753578186
"21.25","-28.75",1987-02-01,0.71256148815155
"23.75","-28.75",1987-02-01,2.64738035202026
"21.25","-26.25",1987-02-01,1.92939329147339
"23.75","-26.25",1987-02-01,2.15466713905334
"21.25","-28.75",1987-03-01,0.370991140604019
"23.75","-28.75",1987-03-01,0.96555757522583
"21.25","-26.25",1987-03-01,0.670737862586975
"23.75","-26.25",1987-03-01,1.1995438337326
"21.25","-28.75",1987-04-01,0.573535621166229
"23.75","-28.75",1987-04-01,0.732112646102905
"21.25","-26.25",1987-04-01,0.616534888744354
"23.75","-26.25",1987-04-01,0.280999064445496
"21.25","-28.75",1987-05-01,0.142257064580917
"23.75","-28.75",1987-05-01,0.0186089519411325
"21.25","-26.25",1987-05-01,0.0151059487834573
"23.75","-26.25",1987-05-01,0.00482456013560295
"21.25","-28.75",1987-06-01,0.0290492605417967
"23.75","-28.75",1987-06-01,0.0232485309243202
"21.25","-26.25",1987-06-01,0.00219854526221752
"23.75","-26.25",1987-06-01,0.00389430345967412
"21.25","-28.75",1987-07-01,0.263304948806763
"23.75","-28.75",1987-07-01,0.638424873352051
"21.25","-26.25",1987-07-01,0.111772701144218
"23.75","-26.25",1987-07-01,0.101203128695488
"21.25","-28.75",1987-08-01,0.00655086245387793
"23.75","-28.75",1987-08-01,0.0826377794146538
"21.25","-26.25",1987-08-01,0.00320283486507833
"23.75","-26.25",1987-08-01,0.0580918565392494
"21.25","-28.75",1987-09-01,0.683416724205017
"23.75","-28.75",1987-09-01,2.1018693447113
"21.25","-26.25",1987-09-01,0.826214671134949
"23.75","-26.25",1987-09-01,1.91859459877014
"21.25","-28.75",1987-10-01,0.250098347663879
"23.75","-28.75",1987-10-01,0.456481456756592
"21.25","-26.25",1987-10-01,0.409107148647308
"23.75","-26.25",1987-10-01,0.525742530822754
"21.25","-28.75",1987-11-01,0.805739104747772
"23.75","-28.75",1987-11-01,1.3745139837265
"21.25","-26.25",1987-11-01,1.50659418106079
"23.75","-26.25",1987-11-01,1.76028954982758
"21.25","-28.75",1987-12-01,0.269941121339798
"23.75","-28.75",1987-12-01,1.35290277004242
"21.25","-26.25",1987-12-01,1.16648328304291
"23.75","-26.25",1987-12-01,2.84268021583557
"21.25","-28.75",1988-01-01,0.2019182741642
"23.75","-28.75",1988-01-01,0.512151896953583
"21.25","-26.25",1988-01-01,1.35723185539246
"23.75","-26.25",1988-01-01,1.09922289848328
"21.25","-28.75",1988-02-01,2.7736713886261
"23.75","-28.75",1988-02-01,9.93816089630127
"21.25","-26.25",1988-02-01,3.65834522247314
"23.75","-26.25",1988-02-01,8.62641048431396
"21.25","-28.75",1988-03-01,2.43161845207214
"23.75","-28.75",1988-03-01,3.4413321018219
"21.25","-26.25",1988-03-01,2.57755374908447
"23.75","-26.25",1988-03-01,3.00247311592102
"21.25","-28.75",1988-04-01,1.30866456031799
"23.75","-28.75",1988-04-01,3.63338804244995
"21.25","-26.25",1988-04-01,2.23992681503296
"23.75","-26.25",1988-04-01,2.74790954589844
"21.25","-28.75",1988-05-01,0.119647137820721
"23.75","-28.75",1988-05-01,0.0974017456173897
"21.25","-26.25",1988-05-01,0.0602979473769665
"23.75","-26.25",1988-05-01,0.0836119577288628
"21.25","-28.75",1988-06-01,0.0159294381737709
"23.75","-28.75",1988-06-01,0.170890927314758
"21.25","-26.25",1988-06-01,0.00464514689520001
"23.75","-26.25",1988-06-01,0.0744079872965813
"21.25","-28.75",1988-07-01,0.00420465786010027
"23.75","-28.75",1988-07-01,0.00455883238464594
"21.25","-26.25",1988-07-01,0.00332939228974283
"23.75","-26.25",1988-07-01,0.00156690506264567
"21.25","-28.75",1988-08-01,0.163221642374992
"23.75","-28.75",1988-08-01,0.0389130376279354
"21.25","-26.25",1988-08-01,0.0128354709595442
"23.75","-26.25",1988-08-01,0.0194129757583141
"21.25","-28.75",1988-09-01,0.466475903987885
"23.75","-28.75",1988-09-01,1.19046545028687
"21.25","-26.25",1988-09-01,0.250495076179504
"23.75","-26.25",1988-09-01,0.622405052185059
"21.25","-28.75",1988-10-01,0.271437376737595
"23.75","-28.75",1988-10-01,1.63030874729156
"21.25","-26.25",1988-10-01,0.527588129043579
"23.75","-26.25",1988-10-01,2.18207716941833
"21.25","-28.75",1988-11-01,0.670815825462341
"23.75","-28.75",1988-11-01,1.89987897872925
"21.25","-26.25",1988-11-01,0.876629769802094
"23.75","-26.25",1988-11-01,1.98659324645996
"21.25","-28.75",1988-12-01,1.91337764263153
"23.75","-28.75",1988-12-01,3.33836054801941
"21.25","-26.25",1988-12-01,1.99775350093842
"23.75","-26.25",1988-12-01,2.33598947525024
"21.25","-28.75",1989-01-01,1.31332302093506
"23.75","-28.75",1989-01-01,2.96042919158936
"21.25","-26.25",1989-01-01,2.18394994735718
"23.75","-26.25",1989-01-01,3.50450158119202
"21.25","-28.75",1989-02-01,2.84701418876648
"23.75","-28.75",1989-02-01,3.94870090484619
"21.25","-26.25",1989-02-01,3.43116593360901
"23.75","-26.25",1989-02-01,5.15823173522949
"21.25","-28.75",1989-03-01,0.435608893632889
"23.75","-28.75",1989-03-01,1.00591039657593
"21.25","-26.25",1989-03-01,0.760591864585876
"23.75","-26.25",1989-03-01,0.807478189468384
"21.25","-28.75",1989-04-01,1.57155466079712
"23.75","-28.75",1989-04-01,2.25887823104858
"21.25","-26.25",1989-04-01,1.66532278060913
"23.75","-26.25",1989-04-01,2.31172370910645
"21.25","-28.75",1989-05-01,0.198344931006432
"23.75","-28.75",1989-05-01,0.434576123952866
"21.25","-26.25",1989-05-01,0.158305257558823
"23.75","-26.25",1989-05-01,0.584023416042328
"21.25","-28.75",1989-06-01,0.0105230119079351
"23.75","-28.75",1989-06-01,0.0294649973511696
"21.25","-26.25",1989-06-01,0.0194417089223862
"23.75","-26.25",1989-06-01,0.121725648641586
"21.25","-28.75",1989-07-01,0.0545216239988804
"23.75","-28.75",1989-07-01,0.0297262333333492
"21.25","-26.25",1989-07-01,0.00517051154747605
"23.75","-26.25",1989-07-01,0.0319937020540237
"21.25","-28.75",1989-08-01,0.00819680467247963
"23.75","-28.75",1989-08-01,0.0219773650169373
"21.25","-26.25",1989-08-01,0.00820949487388134
"23.75","-26.25",1989-08-01,0.0728796273469925
"21.25","-28.75",1989-09-01,0.138369649648666
"23.75","-28.75",1989-09-01,0.308548450469971
"21.25","-26.25",1989-09-01,0.0372811630368233
"23.75","-26.25",1989-09-01,0.028343241661787
"21.25","-28.75",1989-10-01,0.0198277272284031
"23.75","-28.75",1989-10-01,0.0207133255898952
"21.25","-26.25",1989-10-01,0.0536000654101372
"23.75","-26.25",1989-10-01,0.366826951503754
"21.25","-28.75",1989-11-01,0.49136421084404
"23.75","-28.75",1989-11-01,0.933531522750854
"21.25","-26.25",1989-11-01,0.34475439786911
"23.75","-26.25",1989-11-01,1.97486507892609
"21.25","-28.75",1989-12-01,0.0862596556544304
"23.75","-28.75",1989-12-01,0.595752775669098
"21.25","-26.25",1989-12-01,0.368889540433884
"23.75","-26.25",1989-12-01,1.35491394996643
"21.25","-28.75",1990-01-01,0.456209450960159
"23.75","-28.75",1990-01-01,0.998680651187897
"21.25","-26.25",1990-01-01,0.887329816818237
"23.75","-26.25",1990-01-01,1.63051223754883
"21.25","-28.75",1990-02-01,1.65488183498383
"23.75","-28.75",1990-02-01,2.64202642440796
"21.25","-26.25",1990-02-01,1.02707302570343
"23.75","-26.25",1990-02-01,2.68678498268127
"21.25","-28.75",1990-03-01,1.02938890457153
"23.75","-28.75",1990-03-01,1.97407031059265
"21.25","-26.25",1990-03-01,1.40475010871887
"23.75","-26.25",1990-03-01,2.27667665481567
"21.25","-28.75",1990-04-01,1.88549256324768
"23.75","-28.75",1990-04-01,1.7908239364624
"21.25","-26.25",1990-04-01,1.42621064186096
"23.75","-26.25",1990-04-01,2.14145874977112
"21.25","-28.75",1990-05-01,0.0385309457778931
"23.75","-28.75",1990-05-01,0.047137726098299
"21.25","-26.25",1990-05-01,0.0185653083026409
"23.75","-26.25",1990-05-01,0.0544239059090614
"21.25","-28.75",1990-06-01,0.649579107761383
"23.75","-28.75",1990-06-01,0.515015542507172
"21.25","-26.25",1990-06-01,0.103434517979622
"23.75","-26.25",1990-06-01,0.0534509718418121
"21.25","-28.75",1990-07-01,0.0159424692392349
"23.75","-28.75",1990-07-01,0.02744528837502
"21.25","-26.25",1990-07-01,0.015126921236515
"23.75","-26.25",1990-07-01,0.0255285408347845
"21.25","-28.75",1990-08-01,0.0070733348838985
"23.75","-28.75",1990-08-01,0.0691103264689445
"21.25","-26.25",1990-08-01,0.000216011161683127
"23.75","-26.25",1990-08-01,0.0307141244411469
"21.25","-28.75",1990-09-01,0.0502793826162815
"23.75","-28.75",1990-09-01,0.0837724655866623
"21.25","-26.25",1990-09-01,0.0119455195963383
"23.75","-26.25",1990-09-01,0.08467797935009
"21.25","-28.75",1990-10-01,0.00369998533278704
"23.75","-28.75",1990-10-01,0.0536334551870823
"21.25","-26.25",1990-10-01,0.181252211332321
"23.75","-26.25",1990-10-01,0.564398944377899
"21.25","-28.75",1990-11-01,0.130564093589783
"23.75","-28.75",1990-11-01,0.242121607065201
"21.25","-26.25",1990-11-01,0.203321292996407
"23.75","-26.25",1990-11-01,0.294481426477432
"21.25","-28.75",1990-12-01,0.911707162857056
"23.75","-28.75",1990-12-01,1.32888913154602
"21.25","-26.25",1990-12-01,1.08279275894165
"23.75","-26.25",1990-12-01,1.5090000629425
"21.25","-28.75",1991-01-01,2.78670597076416
"23.75","-28.75",1991-01-01,4.23472166061401
"21.25","-26.25",1991-01-01,3.73598885536194
"23.75","-26.25",1991-01-01,5.71176242828369
"21.25","-28.75",1991-02-01,0.637998759746552
"23.75","-28.75",1991-02-01,2.51323461532593
"21.25","-26.25",1991-02-01,1.2889347076416
"23.75","-26.25",1991-02-01,2.2287232875824
"21.25","-28.75",1991-03-01,2.2977249622345
"23.75","-28.75",1991-03-01,4.56683683395386
"21.25","-26.25",1991-03-01,2.46612668037415
"23.75","-26.25",1991-03-01,3.96306824684143
"21.25","-28.75",1991-04-01,0.0962743759155273
"23.75","-28.75",1991-04-01,0.014411399140954
"21.25","-26.25",1991-04-01,0.00830875057727098
"23.75","-26.25",1991-04-01,0.00264806766062975
"21.25","-28.75",1991-05-01,0.00381968985311687
"23.75","-28.75",1991-05-01,0.0278519932180643
"21.25","-26.25",1991-05-01,0.0052199037745595
"23.75","-26.25",1991-05-01,0.00294474954716861
"21.25","-28.75",1991-06-01,0.492716640233994
"23.75","-28.75",1991-06-01,1.72700786590576
"21.25","-26.25",1991-06-01,0.200612902641296
"23.75","-26.25",1991-06-01,1.07869112491608
"21.25","-28.75",1991-07-01,0.00796704832464457
"23.75","-28.75",1991-07-01,4.92113395011984e-05
"21.25","-26.25",1991-07-01,0.0156061146408319
"23.75","-26.25",1991-07-01,0.0109346341341734
"21.25","-28.75",1991-08-01,0.00552478944882751
"23.75","-28.75",1991-08-01,0.00109359005000442
"21.25","-26.25",1991-08-01,0.000315562647301704
"23.75","-26.25",1991-08-01,0.00261404435150325
"21.25","-28.75",1991-09-01,0.817488312721252
"23.75","-28.75",1991-09-01,0.693398177623749
"21.25","-26.25",1991-09-01,0.468655526638031
"23.75","-26.25",1991-09-01,1.0302939414978
"21.25","-28.75",1991-10-01,1.51431727409363
"23.75","-28.75",1991-10-01,3.68186116218567
"21.25","-26.25",1991-10-01,0.830084383487701
"23.75","-26.25",1991-10-01,1.82364153862
"21.25","-28.75",1991-11-01,0.324588924646378
"23.75","-28.75",1991-11-01,0.881643414497375
"21.25","-26.25",1991-11-01,0.509980022907257
"23.75","-26.25",1991-11-01,0.98432993888855
"21.25","-28.75",1991-12-01,0.868082940578461
"23.75","-28.75",1991-12-01,1.30220866203308
"21.25","-26.25",1991-12-01,1.81482470035553
"23.75","-26.25",1991-12-01,1.44254016876221
"21.25","-28.75",1992-01-01,0.141454428434372
"23.75","-28.75",1992-01-01,0.278373897075653
"21.25","-26.25",1992-01-01,0.22155399620533
"23.75","-26.25",1992-01-01,0.311280161142349
"21.25","-28.75",1992-02-01,0.512669861316681
"23.75","-28.75",1992-02-01,0.567111313343048
"21.25","-26.25",1992-02-01,0.336572110652924
"23.75","-26.25",1992-02-01,0.909562230110168
"21.25","-28.75",1992-03-01,0.660379528999329
"23.75","-28.75",1992-03-01,1.59567975997925
"21.25","-26.25",1992-03-01,0.958918213844299
"23.75","-26.25",1992-03-01,0.784381330013275
"21.25","-28.75",1992-04-01,0.0608403831720352
"23.75","-28.75",1992-04-01,0.241657763719559
"21.25","-26.25",1992-04-01,0.149362117052078
"23.75","-26.25",1992-04-01,0.405770421028137
"21.25","-28.75",1992-05-01,0.00510502746328712
"23.75","-28.75",1992-05-01,0.000367677013855428
"21.25","-26.25",1992-05-01,0.00567272817716002
"23.75","-26.25",1992-05-01,0
"21.25","-28.75",1992-06-01,0.01513796672225
"23.75","-28.75",1992-06-01,0.0186991952359676
"21.25","-26.25",1992-06-01,0.010751836001873
"23.75","-26.25",1992-06-01,0.00524431932717562
"21.25","-28.75",1992-07-01,0.0530718043446541
"23.75","-28.75",1992-07-01,0.0207667779177427
"21.25","-26.25",1992-07-01,0.0165048241615295
"23.75","-26.25",1992-07-01,0.00169069459661841
"21.25","-28.75",1992-08-01,0.288169771432877
"23.75","-28.75",1992-08-01,0.465289145708084
"21.25","-26.25",1992-08-01,0.062159825116396
"23.75","-26.25",1992-08-01,0.140994146466255
"21.25","-28.75",1992-09-01,0.0462945997714996
"23.75","-28.75",1992-09-01,0.027759313583374
"21.25","-26.25",1992-09-01,0.0170425921678543
"23.75","-26.25",1992-09-01,0.0224833376705647
"21.25","-28.75",1992-10-01,0.514662563800812
"23.75","-28.75",1992-10-01,0.698932528495789
"21.25","-26.25",1992-10-01,0.291756063699722
"23.75","-26.25",1992-10-01,0.436221063137054
"21.25","-28.75",1992-11-01,0.207986369729042
"23.75","-28.75",1992-11-01,0.847607314586639
"21.25","-26.25",1992-11-01,0.362577199935913
"23.75","-26.25",1992-11-01,2.19289183616638
"21.25","-28.75",1992-12-01,0.03220559284091
"23.75","-28.75",1992-12-01,0.315932989120483
"21.25","-26.25",1992-12-01,0.253100514411926
"23.75","-26.25",1992-12-01,1.3641893863678
"21.25","-28.75",1993-01-01,0.36361962556839
"23.75","-28.75",1993-01-01,0.717829287052155
"21.25","-26.25",1993-01-01,0.498215228319168
"23.75","-26.25",1993-01-01,0.635999917984009
"21.25","-28.75",1993-02-01,1.27578318119049
"23.75","-28.75",1993-02-01,3.41751742362976
"21.25","-26.25",1993-02-01,1.82320177555084
"23.75","-26.25",1993-02-01,3.48799729347229
"21.25","-28.75",1993-03-01,0.586100339889526
"23.75","-28.75",1993-03-01,1.09102642536163
"21.25","-26.25",1993-03-01,0.604255974292755
"23.75","-26.25",1993-03-01,0.779144048690796
"21.25","-28.75",1993-04-01,0.623613059520721
"23.75","-28.75",1993-04-01,0.448429733514786
"21.25","-26.25",1993-04-01,0.717265784740448
"23.75","-26.25",1993-04-01,0.515337765216827
"21.25","-28.75",1993-05-01,0.166689068078995
"23.75","-28.75",1993-05-01,0.0882838740944862
"21.25","-26.25",1993-05-01,0.082853339612484
"23.75","-26.25",1993-05-01,0.113391861319542
"21.25","-28.75",1993-06-01,0.17281848192215
"23.75","-28.75",1993-06-01,0.0840204879641533
"21.25","-26.25",1993-06-01,0.0283566154539585
"23.75","-26.25",1993-06-01,0.0318139083683491
"21.25","-28.75",1993-07-01,0.370395451784134
"23.75","-28.75",1993-07-01,0.16090127825737
"21.25","-26.25",1993-07-01,0.0381541922688484
"23.75","-26.25",1993-07-01,0.00375612871721387
"21.25","-28.75",1993-08-01,0.083669625222683
"23.75","-28.75",1993-08-01,0.0963034853339195
"21.25","-26.25",1993-08-01,0.0653799623250961
"23.75","-26.25",1993-08-01,0.0392627939581871
"21.25","-28.75",1993-09-01,0.0277876164764166
"23.75","-28.75",1993-09-01,0.0361787080764771
"21.25","-26.25",1993-09-01,0.0225657038390636
"23.75","-26.25",1993-09-01,0.156729578971863
"21.25","-28.75",1993-10-01,0.90392529964447
"23.75","-28.75",1993-10-01,2.50480556488037
"21.25","-26.25",1993-10-01,1.82861232757568
"23.75","-26.25",1993-10-01,2.86577105522156
"21.25","-28.75",1993-11-01,0.643534421920776
"23.75","-28.75",1993-11-01,1.16420125961304
"21.25","-26.25",1993-11-01,0.93388295173645
"23.75","-26.25",1993-11-01,1.23669648170471
"21.25","-28.75",1993-12-01,0.350122511386871
"23.75","-28.75",1993-12-01,1.80542230606079
"21.25","-26.25",1993-12-01,1.60991275310516
"23.75","-26.25",1993-12-01,1.97219848632812
"21.25","-28.75",1994-01-01,1.75655210018158
"23.75","-28.75",1994-01-01,3.38785195350647
"21.25","-26.25",1994-01-01,1.6203441619873
"23.75","-26.25",1994-01-01,2.60777568817139
"21.25","-28.75",1994-02-01,1.78960406780243
"23.75","-28.75",1994-02-01,2.93155765533447
"21.25","-26.25",1994-02-01,2.70558881759644
"23.75","-26.25",1994-02-01,3.24117994308472
"21.25","-28.75",1994-03-01,1.48056602478027
"23.75","-28.75",1994-03-01,1.30005276203156
"21.25","-26.25",1994-03-01,0.933613300323486
"23.75","-26.25",1994-03-01,1.01152348518372
"21.25","-28.75",1994-04-01,0.160680264234543
"23.75","-28.75",1994-04-01,0.253051787614822
"21.25","-26.25",1994-04-01,0.0515489019453526
"23.75","-26.25",1994-04-01,0.113282844424248
"21.25","-28.75",1994-05-01,0.00916262529790401
"23.75","-28.75",1994-05-01,0.0264108050614595
"21.25","-26.25",1994-05-01,0.00911603961139917
"23.75","-26.25",1994-05-01,5.45230477655423e-06
"21.25","-28.75",1994-06-01,0.185776323080063
"23.75","-28.75",1994-06-01,0.109759956598282
"21.25","-26.25",1994-06-01,0.05031868070364
"23.75","-26.25",1994-06-01,0.00692002009600401
"21.25","-28.75",1994-07-01,0.0969355553388596
"23.75","-28.75",1994-07-01,0.0836667269468307
"21.25","-26.25",1994-07-01,0.0135209271684289
"23.75","-26.25",1994-07-01,0.0159986801445484
"21.25","-28.75",1994-08-01,0.000473436288302764
"23.75","-28.75",1994-08-01,0.00261964346282184
"21.25","-26.25",1994-08-01,0.000855019025038928
"23.75","-26.25",1994-08-01,0
"21.25","-28.75",1994-09-01,0.00753949489444494
"23.75","-28.75",1994-09-01,0.0198339596390724
"21.25","-26.25",1994-09-01,0.0404201373457909
"23.75","-26.25",1994-09-01,0.00116502656601369
"21.25","-28.75",1994-10-01,0.219165727496147
"23.75","-28.75",1994-10-01,0.0363296344876289
"21.25","-26.25",1994-10-01,0.0685791224241257
"23.75","-26.25",1994-10-01,0.103784389793873
"21.25","-28.75",1994-11-01,0.41184675693512
"23.75","-28.75",1994-11-01,0.900118827819824
"21.25","-26.25",1994-11-01,0.442488104104996
"23.75","-26.25",1994-11-01,0.808977961540222
"21.25","-28.75",1994-12-01,0.158387392759323
"23.75","-28.75",1994-12-01,0.207450419664383
"21.25","-26.25",1994-12-01,0.212138533592224
"23.75","-26.25",1994-12-01,0.403142273426056
"21.25","-28.75",1995-01-01,0.857832372188568
"23.75","-28.75",1995-01-01,1.91255688667297
"21.25","-26.25",1995-01-01,0.547223627567291
"23.75","-26.25",1995-01-01,2.22981357574463
"21.25","-28.75",1995-02-01,0.311746031045914
"23.75","-28.75",1995-02-01,0.81773829460144
"21.25","-26.25",1995-02-01,0.150094226002693
"23.75","-26.25",1995-02-01,0.900739967823029
"21.25","-28.75",1995-03-01,1.87079071998596
"23.75","-28.75",1995-03-01,3.78328490257263
"21.25","-26.25",1995-03-01,2.02426743507385
"23.75","-26.25",1995-03-01,3.82002544403076
"21.25","-28.75",1995-04-01,0.0841213390231133
"23.75","-28.75",1995-04-01,0.298403471708298
"21.25","-26.25",1995-04-01,0.0607985630631447
"23.75","-26.25",1995-04-01,0.302539706230164
"21.25","-28.75",1995-05-01,0.401811480522156
"23.75","-28.75",1995-05-01,0.654194176197052
"21.25","-26.25",1995-05-01,0.327602624893188
"23.75","-26.25",1995-05-01,0.503600418567657
"21.25","-28.75",1995-06-01,0.00733941327780485
"23.75","-28.75",1995-06-01,0.0355422273278236
"21.25","-26.25",1995-06-01,0.00998162198811769
"23.75","-26.25",1995-06-01,0.00898534059524536
"21.25","-28.75",1995-07-01,0.0074787512421608
"23.75","-28.75",1995-07-01,4.11882137996145e-05
"21.25","-26.25",1995-07-01,0.00863531604409218
"23.75","-26.25",1995-07-01,0.00126821594312787
"21.25","-28.75",1995-08-01,0.152902081608772
"23.75","-28.75",1995-08-01,0.0388834960758686
"21.25","-26.25",1995-08-01,0.00477994093671441
"23.75","-26.25",1995-08-01,0.0049037323333323
"21.25","-28.75",1995-09-01,0.16054093837738
"23.75","-28.75",1995-09-01,0.167587712407112
"21.25","-26.25",1995-09-01,0.160312205553055
"23.75","-26.25",1995-09-01,0.299872696399689
"21.25","-28.75",1995-10-01,0.154625833034515
"23.75","-28.75",1995-10-01,0.656765401363373
"21.25","-26.25",1995-10-01,0.345335900783539
"23.75","-26.25",1995-10-01,1.0462840795517
"21.25","-28.75",1995-11-01,1.11374258995056
"23.75","-28.75",1995-11-01,1.76666879653931
"21.25","-26.25",1995-11-01,1.52950179576874
"23.75","-26.25",1995-11-01,2.15018677711487
"21.25","-28.75",1995-12-01,1.93152868747711
"23.75","-28.75",1995-12-01,2.87630867958069
"21.25","-26.25",1995-12-01,1.87373566627502
"23.75","-26.25",1995-12-01,2.75420618057251
"21.25","-28.75",1996-01-01,1.14721155166626
"23.75","-28.75",1996-01-01,1.90652239322662
"21.25","-26.25",1996-01-01,1.75703692436218
"23.75","-26.25",1996-01-01,3.19709658622742
"21.25","-28.75",1996-02-01,2.07355237007141
"23.75","-28.75",1996-02-01,2.38040518760681
"21.25","-26.25",1996-02-01,1.53494203090668
"23.75","-26.25",1996-02-01,2.66340398788452
"21.25","-28.75",1996-03-01,0.176327139139175
"23.75","-28.75",1996-03-01,0.478217542171478
"21.25","-26.25",1996-03-01,0.0950227230787277
"23.75","-26.25",1996-03-01,0.518986761569977
"21.25","-28.75",1996-04-01,0.523062407970428
"23.75","-28.75",1996-04-01,1.29379391670227
"21.25","-26.25",1996-04-01,0.829803049564362
"23.75","-26.25",1996-04-01,1.47331511974335
"21.25","-28.75",1996-05-01,0.191544413566589
"23.75","-28.75",1996-05-01,0.297995656728745
"21.25","-26.25",1996-05-01,0.523923456668854
"23.75","-26.25",1996-05-01,1.13894510269165
"21.25","-28.75",1996-06-01,0.00403169076889753
"23.75","-28.75",1996-06-01,0.000900608138181269
"21.25","-26.25",1996-06-01,0.00309958076104522
"23.75","-26.25",1996-06-01,0.00106921710539609
"21.25","-28.75",1996-07-01,1.14093029499054
"23.75","-28.75",1996-07-01,0.718310356140137
"21.25","-26.25",1996-07-01,0.537165224552155
"23.75","-26.25",1996-07-01,0.177084177732468
"21.25","-28.75",1996-08-01,0.0393862575292587
"23.75","-28.75",1996-08-01,0.144026547670364
"21.25","-26.25",1996-08-01,0.00738384667783976
"23.75","-26.25",1996-08-01,0.00580286979675293
"21.25","-28.75",1996-09-01,0.0530312396585941
"23.75","-28.75",1996-09-01,0.103889063000679
"21.25","-26.25",1996-09-01,0.127961874008179
"23.75","-26.25",1996-09-01,0.286087781190872
"21.25","-28.75",1996-10-01,0.278538823127747
"23.75","-28.75",1996-10-01,0.199374184012413
"21.25","-26.25",1996-10-01,0.0915829837322235
"23.75","-26.25",1996-10-01,0.304025411605835
"21.25","-28.75",1996-11-01,2.12206816673279
"23.75","-28.75",1996-11-01,2.87979745864868
"21.25","-26.25",1996-11-01,1.52912497520447
"23.75","-26.25",1996-11-01,3.2039942741394
"21.25","-28.75",1996-12-01,0.730130851268768
"23.75","-28.75",1996-12-01,2.72745084762573
"21.25","-26.25",1996-12-01,1.81837022304535
"23.75","-26.25",1996-12-01,3.98572635650635
"21.25","-28.75",1997-01-01,1.28734850883484
"23.75","-28.75",1997-01-01,2.39602184295654
"21.25","-26.25",1997-01-01,2.13862180709839
"23.75","-26.25",1997-01-01,3.49464583396912
"21.25","-28.75",1997-02-01,0.211505383253098
"23.75","-28.75",1997-02-01,0.961120069026947
"21.25","-26.25",1997-02-01,0.551653325557709
"23.75","-26.25",1997-02-01,1.66375803947449
"21.25","-28.75",1997-03-01,2.30736899375916
"23.75","-28.75",1997-03-01,4.05160665512085
"21.25","-26.25",1997-03-01,2.24995851516724
"23.75","-26.25",1997-03-01,4.68771457672119
"21.25","-28.75",1997-04-01,0.123831652104855
"23.75","-28.75",1997-04-01,0.689517378807068
"21.25","-26.25",1997-04-01,0.091394804418087
"23.75","-26.25",1997-04-01,1.23289251327515
"21.25","-28.75",1997-05-01,0.487884610891342
"23.75","-28.75",1997-05-01,1.26432704925537
"21.25","-26.25",1997-05-01,0.411915421485901
"23.75","-26.25",1997-05-01,1.0682475566864
"21.25","-28.75",1997-06-01,0.163077011704445
"23.75","-28.75",1997-06-01,0.242699086666107
"21.25","-26.25",1997-06-01,0.0640468895435333
"23.75","-26.25",1997-06-01,0.0394806005060673
"21.25","-28.75",1997-07-01,0.0370608940720558
"23.75","-28.75",1997-07-01,0.217189982533455
"21.25","-26.25",1997-07-01,0.00391168054193258
"23.75","-26.25",1997-07-01,0.0513541288673878
"21.25","-28.75",1997-08-01,0.00304523762315512
"23.75","-28.75",1997-08-01,0.0327321104705334
"21.25","-26.25",1997-08-01,0.0126046482473612
"23.75","-26.25",1997-08-01,0.0415224023163319
"21.25","-28.75",1997-09-01,0.00363467307761312
"23.75","-28.75",1997-09-01,0.0867236852645874
"21.25","-26.25",1997-09-01,0.298323780298233
"23.75","-26.25",1997-09-01,0.748324990272522
"21.25","-28.75",1997-10-01,0.249474689364433
"23.75","-28.75",1997-10-01,0.86983597278595
"21.25","-26.25",1997-10-01,0.640875339508057
"23.75","-26.25",1997-10-01,1.37553608417511
"21.25","-28.75",1997-11-01,0.0484652258455753
"23.75","-28.75",1997-11-01,0.11947724968195
"21.25","-26.25",1997-11-01,0.196151301264763
"23.75","-26.25",1997-11-01,0.507256150245667
"21.25","-28.75",1997-12-01,0.080651544034481
"23.75","-28.75",1997-12-01,0.989801526069641
"21.25","-26.25",1997-12-01,0.277793943881989
"23.75","-26.25",1997-12-01,1.18094754219055
"21.25","-28.75",1998-01-01,0.666848123073578
"23.75","-28.75",1998-01-01,1.91520631313324
"21.25","-26.25",1998-01-01,1.3448646068573
"23.75","-26.25",1998-01-01,2.89053845405579
"21.25","-28.75",1998-02-01,1.29938364028931
"23.75","-28.75",1998-02-01,2.04263353347778
"21.25","-26.25",1998-02-01,1.87311637401581
"23.75","-26.25",1998-02-01,2.68333125114441
"21.25","-28.75",1998-03-01,1.40134143829346
"23.75","-28.75",1998-03-01,1.95220947265625
"21.25","-26.25",1998-03-01,1.80401635169983
"23.75","-26.25",1998-03-01,2.80473971366882
"21.25","-28.75",1998-04-01,0.162092626094818
"23.75","-28.75",1998-04-01,0.534762144088745
"21.25","-26.25",1998-04-01,0.208068683743477
"23.75","-26.25",1998-04-01,0.397088348865509
"21.25","-28.75",1998-05-01,0.0276850573718548
"23.75","-28.75",1998-05-01,0.0355847626924515
"21.25","-26.25",1998-05-01,0.0168506857007742
"23.75","-26.25",1998-05-01,0.000205063115572557
"21.25","-28.75",1998-06-01,0.000292422453640029
"23.75","-28.75",1998-06-01,0.00152572675142437
"21.25","-26.25",1998-06-01,0.0184699967503548
"23.75","-26.25",1998-06-01,0.00815677735954523
"21.25","-28.75",1998-07-01,0.0309123396873474
"23.75","-28.75",1998-07-01,0.132273882627487
"21.25","-26.25",1998-07-01,0.0292571354657412
"23.75","-26.25",1998-07-01,0.00815780274569988
"21.25","-28.75",1998-08-01,0.0486812815070152
"23.75","-28.75",1998-08-01,0.0993736758828163
"21.25","-26.25",1998-08-01,0.0479465872049332
"23.75","-26.25",1998-08-01,0.0103111388161778
"21.25","-28.75",1998-09-01,0.190221428871155
"23.75","-28.75",1998-09-01,0.194543182849884
"21.25","-26.25",1998-09-01,0.321874648332596
"23.75","-26.25",1998-09-01,0.1930942684412
"21.25","-28.75",1998-10-01,0.296866029500961
"23.75","-28.75",1998-10-01,0.948767244815826
"21.25","-26.25",1998-10-01,0.710980832576752
"23.75","-26.25",1998-10-01,1.41504812240601
"21.25","-28.75",1998-11-01,0.475674897432327
"23.75","-28.75",1998-11-01,1.62727653980255
"21.25","-26.25",1998-11-01,0.431105643510818
"23.75","-26.25",1998-11-01,2.16301202774048
"21.25","-28.75",1998-12-01,0.914065003395081
"23.75","-28.75",1998-12-01,1.00337612628937
"21.25","-26.25",1998-12-01,1.48726403713226
"23.75","-26.25",1998-12-01,2.39644432067871
"21.25","-28.75",1999-01-01,0.94722980260849
"23.75","-28.75",1999-01-01,1.93863296508789
"21.25","-26.25",1999-01-01,1.24763488769531
"23.75","-26.25",1999-01-01,2.30224561691284
"21.25","-28.75",1999-02-01,0.238268688321114
"23.75","-28.75",1999-02-01,0.510571181774139
"21.25","-26.25",1999-02-01,0.326639950275421
"23.75","-26.25",1999-02-01,1.26176631450653
"21.25","-28.75",1999-03-01,0.657524645328522
"23.75","-28.75",1999-03-01,0.629390001296997
"21.25","-26.25",1999-03-01,1.12727129459381
"23.75","-26.25",1999-03-01,0.939613819122314
"21.25","-28.75",1999-04-01,0.513939619064331
"23.75","-28.75",1999-04-01,0.810914576053619
"21.25","-26.25",1999-04-01,0.194732531905174
"23.75","-26.25",1999-04-01,0.315619319677353
"21.25","-28.75",1999-05-01,1.54691815376282
"23.75","-28.75",1999-05-01,2.12782144546509
"21.25","-26.25",1999-05-01,0.948433578014374
"23.75","-26.25",1999-05-01,1.76818060874939
"21.25","-28.75",1999-06-01,0.0015300705563277
"23.75","-28.75",1999-06-01,0.019685760140419
"21.25","-26.25",1999-06-01,0.0233853869140148
"23.75","-26.25",1999-06-01,0.00500771822407842
"21.25","-28.75",1999-07-01,0.0152932778000832
"23.75","-28.75",1999-07-01,0.0346647091209888
"21.25","-26.25",1999-07-01,0.00323042692616582
"23.75","-26.25",1999-07-01,0.00629267888143659
"21.25","-28.75",1999-08-01,0.00611022999510169
"23.75","-28.75",1999-08-01,0.00837500207126141
"21.25","-26.25",1999-08-01,0.00726041197776794
"23.75","-26.25",1999-08-01,2.73837554232159e-06
"21.25","-28.75",1999-09-01,0.0522165708243847
"23.75","-28.75",1999-09-01,0.0122185787186027
"21.25","-26.25",1999-09-01,0.00126389239449054
"23.75","-26.25",1999-09-01,0.00152599229477346
"21.25","-28.75",1999-10-01,1.25452041625977
"23.75","-28.75",1999-10-01,1.50691723823547
"21.25","-26.25",1999-10-01,0.712662220001221
"23.75","-26.25",1999-10-01,1.22186744213104
"21.25","-28.75",1999-11-01,0.35355019569397
"23.75","-28.75",1999-11-01,0.271082282066345
"21.25","-26.25",1999-11-01,0.861789703369141
"23.75","-26.25",1999-11-01,0.965211987495422
"21.25","-28.75",1999-12-01,3.59332418441772
"23.75","-28.75",1999-12-01,5.80715656280518
"21.25","-26.25",1999-12-01,4.32612276077271
"23.75","-26.25",1999-12-01,5.91723537445068
"21.25","-28.75",2000-01-01,1.60182285308838
"23.75","-28.75",2000-01-01,2.66501593589783
"21.25","-26.25",2000-01-01,2.73303937911987
"23.75","-26.25",2000-01-01,4.05643320083618
"21.25","-28.75",2000-02-01,1.99530875682831
"23.75","-28.75",2000-02-01,2.76369714736938
"21.25","-26.25",2000-02-01,2.58452653884888
"23.75","-26.25",2000-02-01,3.65314984321594
"21.25","-28.75",2000-03-01,2.61842942237854
"23.75","-28.75",2000-03-01,3.77123236656189
"21.25","-26.25",2000-03-01,2.31943416595459
"23.75","-26.25",2000-03-01,3.17418718338013
"21.25","-28.75",2000-04-01,1.22510099411011
"23.75","-28.75",2000-04-01,1.94854116439819
"21.25","-26.25",2000-04-01,1.46438312530518
"23.75","-26.25",2000-04-01,1.25830721855164
"21.25","-28.75",2000-05-01,0.0115864994004369
"23.75","-28.75",2000-05-01,0.048611331731081
"21.25","-26.25",2000-05-01,0.0754996612668037
"23.75","-26.25",2000-05-01,0.479332804679871
"21.25","-28.75",2000-06-01,0.024631530046463
"23.75","-28.75",2000-06-01,0.0365299955010414
"21.25","-26.25",2000-06-01,0.0166442599147558
"23.75","-26.25",2000-06-01,0.0219538472592831
"21.25","-28.75",2000-07-01,0.0244740918278694
"23.75","-28.75",2000-07-01,0.0189694948494434
"21.25","-26.25",2000-07-01,0.00692985905334353
"23.75","-26.25",2000-07-01,0.00501740025356412
"21.25","-28.75",2000-08-01,0.060929000377655
"23.75","-28.75",2000-08-01,0.0365877263247967
"21.25","-26.25",2000-08-01,0.0251884572207928
"23.75","-26.25",2000-08-01,0.00405638851225376
"21.25","-28.75",2000-09-01,0.684902429580688
"23.75","-28.75",2000-09-01,1.72726881504059
"21.25","-26.25",2000-09-01,0.220471233129501
"23.75","-26.25",2000-09-01,0.546264290809631
"21.25","-28.75",2000-10-01,0.153782248497009
"23.75","-28.75",2000-10-01,0.353349477052689
"21.25","-26.25",2000-10-01,0.209964156150818
"23.75","-26.25",2000-10-01,0.909573435783386
"21.25","-28.75",2000-11-01,0.247449904680252
"23.75","-28.75",2000-11-01,0.847659647464752
"21.25","-26.25",2000-11-01,1.16679275035858
"23.75","-26.25",2000-11-01,2.67583322525024
"21.25","-28.75",2000-12-01,0.529610335826874
"23.75","-28.75",2000-12-01,2.13894844055176
"21.25","-26.25",2000-12-01,1.22393703460693
"23.75","-26.25",2000-12-01,2.65445351600647
"21.25","-28.75",2001-01-01,0.188304930925369
"23.75","-28.75",2001-01-01,0.444481015205383
"21.25","-26.25",2001-01-01,0.676221013069153
"23.75","-26.25",2001-01-01,0.566720008850098
"21.25","-28.75",2001-02-01,0.644235908985138
"23.75","-28.75",2001-02-01,1.21403574943542
"21.25","-26.25",2001-02-01,1.03349363803864
"23.75","-26.25",2001-02-01,1.76865863800049
"21.25","-28.75",2001-03-01,2.02855491638184
"23.75","-28.75",2001-03-01,2.80872273445129
"21.25","-26.25",2001-03-01,2.16255855560303
"23.75","-26.25",2001-03-01,2.29004955291748
"21.25","-28.75",2001-04-01,2.58468174934387
"23.75","-28.75",2001-04-01,3.82206869125366
"21.25","-26.25",2001-04-01,3.96422147750854
"23.75","-26.25",2001-04-01,4.71600198745728
"21.25","-28.75",2001-05-01,0.0863913893699646
"23.75","-28.75",2001-05-01,0.470200061798096
"21.25","-26.25",2001-05-01,0.23458868265152
"23.75","-26.25",2001-05-01,0.994975626468658
"21.25","-28.75",2001-06-01,0.150300040841103
"23.75","-28.75",2001-06-01,0.462863564491272
"21.25","-26.25",2001-06-01,0.0560542047023773
"23.75","-26.25",2001-06-01,0.0468689613044262
"21.25","-28.75",2001-07-01,0.210993304848671
"23.75","-28.75",2001-07-01,0.0365063063800335
"21.25","-26.25",2001-07-01,0.0509546212852001
"23.75","-26.25",2001-07-01,0.0152234407141805
"21.25","-28.75",2001-08-01,0.002349435351789
"23.75","-28.75",2001-08-01,0.180104613304138
"21.25","-26.25",2001-08-01,0.0988770797848701
"23.75","-26.25",2001-08-01,0.114790543913841
"21.25","-28.75",2001-09-01,0.82151859998703
"23.75","-28.75",2001-09-01,2.22538423538208
"21.25","-26.25",2001-09-01,0.463728904724121
"23.75","-26.25",2001-09-01,1.67612564563751
"21.25","-28.75",2001-10-01,0.488197028636932
"23.75","-28.75",2001-10-01,1.37819397449493
"21.25","-26.25",2001-10-01,0.911068558692932
"23.75","-26.25",2001-10-01,2.07194995880127
"21.25","-28.75",2001-11-01,1.84031248092651
"23.75","-28.75",2001-11-01,3.64789795875549
"21.25","-26.25",2001-11-01,2.02065253257751
"23.75","-26.25",2001-11-01,3.7637026309967
"21.25","-28.75",2001-12-01,0.774973273277283
"23.75","-28.75",2001-12-01,2.59442472457886
"21.25","-26.25",2001-12-01,0.740272700786591
"23.75","-26.25",2001-12-01,2.91483926773071
"21.25","-28.75",2002-01-01,1.01502752304077
"23.75","-28.75",2002-01-01,2.33940482139587
"21.25","-26.25",2002-01-01,1.46234631538391
"23.75","-26.25",2002-01-01,3.91658568382263
"21.25","-28.75",2002-02-01,1.1310932636261
"23.75","-28.75",2002-02-01,1.33230209350586
"21.25","-26.25",2002-02-01,0.845954835414886
"23.75","-26.25",2002-02-01,1.22628879547119
"21.25","-28.75",2002-03-01,1.00034356117249
"23.75","-28.75",2002-03-01,1.54691076278687
"21.25","-26.25",2002-03-01,1.03456771373749
"23.75","-26.25",2002-03-01,1.01844549179077
"21.25","-28.75",2002-04-01,0.574345350265503
"23.75","-28.75",2002-04-01,0.648149490356445
"21.25","-26.25",2002-04-01,0.768989562988281
"23.75","-26.25",2002-04-01,0.925110995769501
"21.25","-28.75",2002-05-01,0.654079020023346
"23.75","-28.75",2002-05-01,0.879724979400635
"21.25","-26.25",2002-05-01,0.672474980354309
"23.75","-26.25",2002-05-01,1.08015131950378
"21.25","-28.75",2002-06-01,0.282542526721954
"23.75","-28.75",2002-06-01,0.962982892990112
"21.25","-26.25",2002-06-01,0.141538381576538
"23.75","-26.25",2002-06-01,0.349047124385834
"21.25","-28.75",2002-07-01,0.00553028006106615
"23.75","-28.75",2002-07-01,0.007981913164258
"21.25","-26.25",2002-07-01,0.013368253596127
"23.75","-26.25",2002-07-01,0.0100249741226435
"21.25","-28.75",2002-08-01,0.42351496219635
"23.75","-28.75",2002-08-01,1.97602474689484
"21.25","-26.25",2002-08-01,0.15455287694931
"23.75","-26.25",2002-08-01,1.13142919540405
"21.25","-28.75",2002-09-01,0.0713086053729057
"23.75","-28.75",2002-09-01,0.184482410550117
"21.25","-26.25",2002-09-01,0.0136095024645329
"23.75","-26.25",2002-09-01,0.242911159992218
"21.25","-28.75",2002-10-01,0.158581703901291
"23.75","-28.75",2002-10-01,0.47322490811348
"21.25","-26.25",2002-10-01,0.536530673503876
"23.75","-26.25",2002-10-01,1.21701669692993
"21.25","-28.75",2002-11-01,0.325255036354065
"23.75","-28.75",2002-11-01,0.960293054580688
"21.25","-26.25",2002-11-01,0.707607626914978
"23.75","-26.25",2002-11-01,0.820684850215912
"21.25","-28.75",2002-12-01,1.32356584072113
"23.75","-28.75",2002-12-01,2.78657007217407
"21.25","-26.25",2002-12-01,1.45316207408905
"23.75","-26.25",2002-12-01,2.57536625862122
"21.25","-28.75",2003-01-01,0.221853494644165
"23.75","-28.75",2003-01-01,0.987618565559387
"21.25","-26.25",2003-01-01,0.408748835325241
"23.75","-26.25",2003-01-01,1.85198068618774
"21.25","-28.75",2003-02-01,1.39365243911743
"23.75","-28.75",2003-02-01,2.33348894119263
"21.25","-26.25",2003-02-01,1.92453193664551
"23.75","-26.25",2003-02-01,3.14157319068909
"21.25","-28.75",2003-03-01,0.247253000736237
"23.75","-28.75",2003-03-01,1.196617603302
"21.25","-26.25",2003-03-01,0.0638224259018898
"23.75","-26.25",2003-03-01,0.603847324848175
"21.25","-28.75",2003-04-01,0.4283447265625
"23.75","-28.75",2003-04-01,0.879563748836517
"21.25","-26.25",2003-04-01,0.601165652275085
"23.75","-26.25",2003-04-01,0.581692457199097
"21.25","-28.75",2003-05-01,0.082965575158596
"23.75","-28.75",2003-05-01,0.194256916642189
"21.25","-26.25",2003-05-01,0.0797128081321716
"23.75","-26.25",2003-05-01,0.176912471652031
"21.25","-28.75",2003-06-01,0.00643778778612614
"23.75","-28.75",2003-06-01,0.00118441181257367
"21.25","-26.25",2003-06-01,0.0189780853688717
"23.75","-26.25",2003-06-01,0.0440640822052956
"21.25","-28.75",2003-07-01,0.00156224227976054
"23.75","-28.75",2003-07-01,0.00733218155801296
"21.25","-26.25",2003-07-01,3.10927571263164e-05
"23.75","-26.25",2003-07-01,0.00645986758172512
"21.25","-28.75",2003-08-01,0.104601986706257
"23.75","-28.75",2003-08-01,0.0790178999304771
"21.25","-26.25",2003-08-01,0.0225018672645092
"23.75","-26.25",2003-08-01,0.00811277702450752
"21.25","-28.75",2003-09-01,0.462080955505371
"23.75","-28.75",2003-09-01,0.483462780714035
"21.25","-26.25",2003-09-01,0.326561450958252
"23.75","-26.25",2003-09-01,0.255718171596527
"21.25","-28.75",2003-10-01,0.714220106601715
"23.75","-28.75",2003-10-01,0.617328643798828
"21.25","-26.25",2003-10-01,0.466395825147629
"23.75","-26.25",2003-10-01,0.578938782215118
"21.25","-28.75",2003-11-01,0.575082898139954
"23.75","-28.75",2003-11-01,1.66185450553894
"21.25","-26.25",2003-11-01,0.513204395771027
"23.75","-26.25",2003-11-01,1.63373076915741
"21.25","-28.75",2003-12-01,0.0411463417112827
"23.75","-28.75",2003-12-01,0.401567786931992
"21.25","-26.25",2003-12-01,0.0521636754274368
"23.75","-26.25",2003-12-01,0.550703048706055
"21.25","-28.75",2004-01-01,1.84936714172363
"23.75","-28.75",2004-01-01,2.43762230873108
"21.25","-26.25",2004-01-01,2.1406078338623
"23.75","-26.25",2004-01-01,2.65316462516785
"21.25","-28.75",2004-02-01,1.18924045562744
"23.75","-28.75",2004-02-01,1.55765211582184
"21.25","-26.25",2004-02-01,1.16098868846893
"23.75","-26.25",2004-02-01,2.30139422416687
"21.25","-28.75",2004-03-01,0.968927562236786
"23.75","-28.75",2004-03-01,1.80640983581543
"21.25","-26.25",2004-03-01,1.30134177207947
"23.75","-26.25",2004-03-01,1.64044904708862
"21.25","-28.75",2004-04-01,0.959835767745972
"23.75","-28.75",2004-04-01,1.02374124526978
"21.25","-26.25",2004-04-01,1.88121867179871
"23.75","-26.25",2004-04-01,1.33705806732178
"21.25","-28.75",2004-05-01,0.00686843227595091
"23.75","-28.75",2004-05-01,0.0150486435741186
"21.25","-26.25",2004-05-01,0.015721894800663
"23.75","-26.25",2004-05-01,0.000122329380246811
"21.25","-28.75",2004-06-01,0.0150817167013884
"23.75","-28.75",2004-06-01,0.0122569156810641
"21.25","-26.25",2004-06-01,0.0183819774538279
"23.75","-26.25",2004-06-01,0.00845567137002945
"21.25","-28.75",2004-07-01,0.0152642028406262
"23.75","-28.75",2004-07-01,0.0270069874823093
"21.25","-26.25",2004-07-01,0.0105672795325518
"23.75","-26.25",2004-07-01,0.0428000949323177
"21.25","-28.75",2004-08-01,0.00355829694308341
"23.75","-28.75",2004-08-01,0.0225585587322712
"21.25","-26.25",2004-08-01,0.00611497461795807
"23.75","-26.25",2004-08-01,0.00337104965001345
"21.25","-28.75",2004-09-01,0.371136158704758
"23.75","-28.75",2004-09-01,1.21807014942169
"21.25","-26.25",2004-09-01,0.219254553318024
"23.75","-26.25",2004-09-01,0.296361207962036
"21.25","-28.75",2004-10-01,0.594743609428406
"23.75","-28.75",2004-10-01,0.924381792545319
"21.25","-26.25",2004-10-01,0.927800536155701
"23.75","-26.25",2004-10-01,1.08469653129578
"21.25","-28.75",2004-11-01,0.0979747027158737
"23.75","-28.75",2004-11-01,0.282438457012177
"21.25","-26.25",2004-11-01,0.263820648193359
"23.75","-26.25",2004-11-01,0.677802085876465
"21.25","-28.75",2004-12-01,0.396052777767181
"23.75","-28.75",2004-12-01,1.32705521583557
"21.25","-26.25",2004-12-01,1.03473150730133
"23.75","-26.25",2004-12-01,2.49533867835999
"21.25","-28.75",2005-01-01,1.16039764881134
"23.75","-28.75",2005-01-01,2.02255344390869
"21.25","-26.25",2005-01-01,1.3582763671875
"23.75","-26.25",2005-01-01,2.78032088279724
"21.25","-28.75",2005-02-01,1.48103106021881
"23.75","-28.75",2005-02-01,2.06125950813293
"21.25","-26.25",2005-02-01,0.909852504730225
"23.75","-26.25",2005-02-01,1.32994377613068
"21.25","-28.75",2005-03-01,1.11961221694946
"23.75","-28.75",2005-03-01,1.6568808555603
"21.25","-26.25",2005-03-01,1.88573980331421
"23.75","-26.25",2005-03-01,1.77804172039032
"21.25","-28.75",2005-04-01,1.24860203266144
"23.75","-28.75",2005-04-01,1.42483758926392
"21.25","-26.25",2005-04-01,2.74226307868958
"23.75","-26.25",2005-04-01,2.06208872795105
"21.25","-28.75",2005-05-01,1.13325452804565
"23.75","-28.75",2005-05-01,0.377949476242065
"21.25","-26.25",2005-05-01,0.314350306987762
"23.75","-26.25",2005-05-01,0.100487396121025
"21.25","-28.75",2005-06-01,0.160198539495468
"23.75","-28.75",2005-06-01,0.217039570212364
"21.25","-26.25",2005-06-01,0.0172792375087738
"23.75","-26.25",2005-06-01,0.00847981870174408
"21.25","-28.75",2005-07-01,0.000158061520778574
"23.75","-28.75",2005-07-01,0.00571524724364281
"21.25","-26.25",2005-07-01,0.000262548914179206
"23.75","-26.25",2005-07-01,0.0112419929355383
"21.25","-28.75",2005-08-01,0.00392579659819603
"23.75","-28.75",2005-08-01,0.0285896416753531
"21.25","-26.25",2005-08-01,0.0136088607832789
"23.75","-26.25",2005-08-01,0.00243967259302735
"21.25","-28.75",2005-09-01,0.000648495915811509
"23.75","-28.75",2005-09-01,0.0123970555141568
"21.25","-26.25",2005-09-01,0.000235682775382884
"23.75","-26.25",2005-09-01,0.0737572908401489
"21.25","-28.75",2005-10-01,0.656838953495026
"23.75","-28.75",2005-10-01,0.650390088558197
"21.25","-26.25",2005-10-01,0.597052454948425
"23.75","-26.25",2005-10-01,0.663317441940308
"21.25","-28.75",2005-11-01,0.526696562767029
"23.75","-28.75",2005-11-01,1.26120841503143
"21.25","-26.25",2005-11-01,0.686192631721497
"23.75","-26.25",2005-11-01,1.56361651420593
"21.25","-28.75",2005-12-01,0.816563546657562
"23.75","-28.75",2005-12-01,0.654939770698547
"21.25","-26.25",2005-12-01,0.625143468379974
"23.75","-26.25",2005-12-01,1.30603432655334
"21.25","-28.75",2006-01-01,2.76774191856384
"23.75","-28.75",2006-01-01,4.02673196792603
"21.25","-26.25",2006-01-01,3.0822696685791
"23.75","-26.25",2006-01-01,4.10144805908203
"21.25","-28.75",2006-02-01,3.41684651374817
"23.75","-28.75",2006-02-01,5.59329462051392
"21.25","-26.25",2006-02-01,4.74322080612183
"23.75","-26.25",2006-02-01,8.65742778778076
"21.25","-28.75",2006-03-01,1.18039441108704
"23.75","-28.75",2006-03-01,2.12363886833191
"21.25","-26.25",2006-03-01,1.71598243713379
"23.75","-26.25",2006-03-01,3.53540992736816
"21.25","-28.75",2006-04-01,2.08159041404724
"23.75","-28.75",2006-04-01,2.03615140914917
"21.25","-26.25",2006-04-01,2.01309013366699
"23.75","-26.25",2006-04-01,2.43881297111511
"21.25","-28.75",2006-05-01,0.838903844356537
"23.75","-28.75",2006-05-01,0.926645219326019
"21.25","-26.25",2006-05-01,0.541075110435486
"23.75","-26.25",2006-05-01,0.558578312397003
"21.25","-28.75",2006-06-01,0.0404472835361958
"23.75","-28.75",2006-06-01,0.582044661045074
"21.25","-26.25",2006-06-01,0.094435378909111
"23.75","-26.25",2006-06-01,0.109121285378933
"21.25","-28.75",2006-07-01,0.0243801474571228
"23.75","-28.75",2006-07-01,0.169813066720963
"21.25","-26.25",2006-07-01,0.0161828901618719
"23.75","-26.25",2006-07-01,0.0733494535088539
"21.25","-28.75",2006-08-01,0.195590317249298
"23.75","-28.75",2006-08-01,1.00203835964203
"21.25","-26.25",2006-08-01,0.0540008321404457
"23.75","-26.25",2006-08-01,0.253725051879883
"21.25","-28.75",2006-09-01,0.00324294855818152
"23.75","-28.75",2006-09-01,0.0636571794748306
"21.25","-26.25",2006-09-01,0.00091200286988169
"23.75","-26.25",2006-09-01,0.00663241511210799
"21.25","-28.75",2006-10-01,0.360552549362183
"23.75","-28.75",2006-10-01,0.95964378118515
"21.25","-26.25",2006-10-01,0.932432651519775
"23.75","-26.25",2006-10-01,1.47414565086365
"21.25","-28.75",2006-11-01,0.300304442644119
"23.75","-28.75",2006-11-01,0.849619209766388
"21.25","-26.25",2006-11-01,0.681674599647522
"23.75","-26.25",2006-11-01,1.28097784519196
"21.25","-28.75",2006-12-01,0.340798914432526
"23.75","-28.75",2006-12-01,1.07423555850983
"21.25","-26.25",2006-12-01,1.25559437274933
"23.75","-26.25",2006-12-01,1.73109233379364
"21.25","-28.75",2007-01-01,0.735683619976044
"23.75","-28.75",2007-01-01,1.18904364109039
"21.25","-26.25",2007-01-01,0.82841020822525
"23.75","-26.25",2007-01-01,1.48148119449615
"21.25","-28.75",2007-02-01,0.18183034658432
"23.75","-28.75",2007-02-01,0.250096917152405
"21.25","-26.25",2007-02-01,0.342312544584274
"23.75","-26.25",2007-02-01,0.324585974216461
"21.25","-28.75",2007-03-01,0.573315024375916
"23.75","-28.75",2007-03-01,1.43495106697083
"21.25","-26.25",2007-03-01,0.586395978927612
"23.75","-26.25",2007-03-01,1.32192027568817
"21.25","-28.75",2007-04-01,0.532329618930817
"23.75","-28.75",2007-04-01,2.10950350761414
"21.25","-26.25",2007-04-01,0.775368630886078
"23.75","-26.25",2007-04-01,0.69805371761322
"21.25","-28.75",2007-05-01,0.0273734945803881
"23.75","-28.75",2007-05-01,0.0176388435065746
"21.25","-26.25",2007-05-01,0.0288798473775387
"23.75","-26.25",2007-05-01,0.00479902420192957
"21.25","-28.75",2007-06-01,0.10096151381731
"23.75","-28.75",2007-06-01,0.265114784240723
"21.25","-26.25",2007-06-01,0.0543658994138241
"23.75","-26.25",2007-06-01,0.382277309894562
"21.25","-28.75",2007-07-01,0.0428484007716179
"23.75","-28.75",2007-07-01,0.0251361168920994
"21.25","-26.25",2007-07-01,0.0115400012582541
"23.75","-26.25",2007-07-01,0.0115192933008075
"21.25","-28.75",2007-08-01,0.0179563015699387
"23.75","-28.75",2007-08-01,0.0147951347753406
"21.25","-26.25",2007-08-01,0.0177448429167271
"23.75","-26.25",2007-08-01,0.000532917387317866
"21.25","-28.75",2007-09-01,0.00974922720342875
"23.75","-28.75",2007-09-01,1.00526857376099
"21.25","-26.25",2007-09-01,0.114938832819462
"23.75","-26.25",2007-09-01,1.38450765609741
"21.25","-28.75",2007-10-01,1.95949280261993
"23.75","-28.75",2007-10-01,2.26321816444397
"21.25","-26.25",2007-10-01,1.52943634986877
"23.75","-26.25",2007-10-01,2.08730244636536
"21.25","-28.75",2007-11-01,0.598337948322296
"23.75","-28.75",2007-11-01,1.60863780975342
"21.25","-26.25",2007-11-01,0.658990144729614
"23.75","-26.25",2007-11-01,1.4411209821701
"21.25","-28.75",2007-12-01,1.29916548728943
"23.75","-28.75",2007-12-01,2.75219345092773
"21.25","-26.25",2007-12-01,1.80494022369385
"23.75","-26.25",2007-12-01,2.86873292922974
"21.25","-28.75",2008-01-01,1.91931700706482
"23.75","-28.75",2008-01-01,2.31737208366394
"21.25","-26.25",2008-01-01,2.14927101135254
"23.75","-26.25",2008-01-01,4.4611120223999
"21.25","-28.75",2008-02-01,1.24458992481232
"23.75","-28.75",2008-02-01,1.72390151023865
"21.25","-26.25",2008-02-01,1.92486453056335
"23.75","-26.25",2008-02-01,1.87608909606934
"21.25","-28.75",2008-03-01,1.33254206180573
"23.75","-28.75",2008-03-01,1.99262535572052
"21.25","-26.25",2008-03-01,1.4047600030899
"23.75","-26.25",2008-03-01,2.40928220748901
"21.25","-28.75",2008-04-01,0.477817475795746
"23.75","-28.75",2008-04-01,0.644854485988617
"21.25","-26.25",2008-04-01,0.860308051109314
"23.75","-26.25",2008-04-01,0.556932926177979
"21.25","-28.75",2008-05-01,1.28702330589294
"23.75","-28.75",2008-05-01,2.76893663406372
"21.25","-26.25",2008-05-01,1.14190375804901
"23.75","-26.25",2008-05-01,1.53343737125397
"21.25","-28.75",2008-06-01,1.24148964881897
"23.75","-28.75",2008-06-01,1.11369037628174
"21.25","-26.25",2008-06-01,0.30701744556427
"23.75","-26.25",2008-06-01,0.243421882390976
"21.25","-28.75",2008-07-01,0.0344287678599358
"23.75","-28.75",2008-07-01,0.00371735030785203
"21.25","-26.25",2008-07-01,0.00615129759535193
"23.75","-26.25",2008-07-01,0.0143637852743268
"21.25","-28.75",2008-08-01,0.0119647374376655
"23.75","-28.75",2008-08-01,0.013508795760572
"21.25","-26.25",2008-08-01,0.0118764527142048
"23.75","-26.25",2008-08-01,0.013622147962451
"21.25","-28.75",2008-09-01,0.00531763816252351
"23.75","-28.75",2008-09-01,0.00389254232868552
"21.25","-26.25",2008-09-01,0.00571894645690918
"23.75","-26.25",2008-09-01,0.0122997984290123
"21.25","-28.75",2008-10-01,0.153250247240067
"23.75","-28.75",2008-10-01,0.268507838249207
"21.25","-26.25",2008-10-01,0.334888607263565
"23.75","-26.25",2008-10-01,0.350278198719025
"21.25","-28.75",2008-11-01,0.424482464790344
"23.75","-28.75",2008-11-01,1.76134729385376
"21.25","-26.25",2008-11-01,1.03027546405792
"23.75","-26.25",2008-11-01,1.91094660758972
"21.25","-28.75",2008-12-01,0.361417859792709
"23.75","-28.75",2008-12-01,0.637683272361755
"21.25","-26.25",2008-12-01,0.546731472015381
"23.75","-26.25",2008-12-01,0.944524884223938
"21.25","-28.75",2009-01-01,0.686201214790344
"23.75","-28.75",2009-01-01,2.2039909362793
"21.25","-26.25",2009-01-01,2.17409706115723
"23.75","-26.25",2009-01-01,3.75297617912292
"21.25","-28.75",2009-02-01,2.66323471069336
"23.75","-28.75",2009-02-01,3.56311130523682
"21.25","-26.25",2009-02-01,4.00811052322388
"23.75","-26.25",2009-02-01,3.02533626556396
"21.25","-28.75",2009-03-01,1.2056303024292
"23.75","-28.75",2009-03-01,1.17689871788025
"21.25","-26.25",2009-03-01,1.01506364345551
"23.75","-26.25",2009-03-01,1.18724286556244
"21.25","-28.75",2009-04-01,0.80183482170105
"23.75","-28.75",2009-04-01,0.610142111778259
"21.25","-26.25",2009-04-01,0.38389265537262
"23.75","-26.25",2009-04-01,0.171208888292313
"21.25","-28.75",2009-05-01,0.133259356021881
"23.75","-28.75",2009-05-01,0.285278916358948
"21.25","-26.25",2009-05-01,0.130913436412811
"23.75","-26.25",2009-05-01,0.329448223114014
"21.25","-28.75",2009-06-01,0.423298358917236
"23.75","-28.75",2009-06-01,0.623767018318176
"21.25","-26.25",2009-06-01,0.924804389476776
"23.75","-26.25",2009-06-01,2.08439016342163
"21.25","-28.75",2009-07-01,0.0725163668394089
"23.75","-28.75",2009-07-01,0.279619634151459
"21.25","-26.25",2009-07-01,0.0502967163920403
"23.75","-26.25",2009-07-01,0.188335537910461
"21.25","-28.75",2009-08-01,0.0313463918864727
"23.75","-28.75",2009-08-01,0.10663179308176
"21.25","-26.25",2009-08-01,0.0217290855944157
"23.75","-26.25",2009-08-01,0.0519327372312546
"21.25","-28.75",2009-09-01,0.0061886296607554
"23.75","-28.75",2009-09-01,0.0158718060702085
"21.25","-26.25",2009-09-01,0.103230729699135
"23.75","-26.25",2009-09-01,0.206506013870239
"21.25","-28.75",2009-10-01,0.848255693912506
"23.75","-28.75",2009-10-01,1.83934390544891
"21.25","-26.25",2009-10-01,1.90387606620789
"23.75","-26.25",2009-10-01,2.58253383636475
"21.25","-28.75",2009-11-01,0.289131164550781
"23.75","-28.75",2009-11-01,1.63149046897888
"21.25","-26.25",2009-11-01,0.449379801750183
"23.75","-26.25",2009-11-01,1.91410517692566
"21.25","-28.75",2009-12-01,0.411032944917679
"23.75","-28.75",2009-12-01,1.14979839324951
"21.25","-26.25",2009-12-01,1.08096361160278
"23.75","-26.25",2009-12-01,1.00255513191223
"21.25","-28.75",2010-01-01,2.4276967048645
"23.75","-28.75",2010-01-01,5.06429481506348
"21.25","-26.25",2010-01-01,4.20775127410889
"23.75","-26.25",2010-01-01,5.24477100372314
"21.25","-28.75",2010-02-01,1.68027257919312
"23.75","-28.75",2010-02-01,2.97056078910828
"21.25","-26.25",2010-02-01,1.6942263841629
"23.75","-26.25",2010-02-01,2.51872682571411
"21.25","-28.75",2010-03-01,1.10827302932739
"23.75","-28.75",2010-03-01,2.10530090332031
"21.25","-26.25",2010-03-01,1.18338346481323
"23.75","-26.25",2010-03-01,2.17382121086121
"21.25","-28.75",2010-04-01,0.825200736522675
"23.75","-28.75",2010-04-01,1.19251656532288
"21.25","-26.25",2010-04-01,0.850809454917908
"23.75","-26.25",2010-04-01,2.27825975418091
"21.25","-28.75",2010-05-01,0.0958691313862801
"23.75","-28.75",2010-05-01,0.178642705082893
"21.25","-26.25",2010-05-01,0.267889410257339
"23.75","-26.25",2010-05-01,0.474011898040771
"21.25","-28.75",2010-06-01,0.0348809249699116
"23.75","-28.75",2010-06-01,0.0189149491488934
"21.25","-26.25",2010-06-01,0.0369392223656178
"23.75","-26.25",2010-06-01,0.00997600611299276
"21.25","-28.75",2010-07-01,0.0448722653090954
"23.75","-28.75",2010-07-01,0.0253758057951927
"21.25","-26.25",2010-07-01,0.0181743558496237
"23.75","-26.25",2010-07-01,0.009040049277246
"21.25","-28.75",2010-08-01,0.0184617713093758
"23.75","-28.75",2010-08-01,0.00266865873709321
"21.25","-26.25",2010-08-01,0.0132956933230162
"23.75","-26.25",2010-08-01,0.00142169347964227
"21.25","-28.75",2010-09-01,0.0456827357411385
"23.75","-28.75",2010-09-01,0.0743214190006256
"21.25","-26.25",2010-09-01,0.0116293365135789
"23.75","-26.25",2010-09-01,0.0075287171639502
"21.25","-28.75",2010-10-01,0.061027105897665
"23.75","-28.75",2010-10-01,0.237877309322357
"21.25","-26.25",2010-10-01,0.0604699030518532
"23.75","-26.25",2010-10-01,0.172974690794945
"21.25","-28.75",2010-11-01,0.680521905422211
"23.75","-28.75",2010-11-01,1.09499955177307
"21.25","-26.25",2010-11-01,1.23695182800293
"23.75","-26.25",2010-11-01,2.10190033912659
"21.25","-28.75",2010-12-01,1.3201664686203
"23.75","-28.75",2010-12-01,2.25070405006409
"21.25","-26.25",2010-12-01,1.36167728900909
"23.75","-26.25",2010-12-01,2.41026782989502
"21.25","-28.75",2011-01-01,1.76366329193115
"23.75","-28.75",2011-01-01,4.5329122543335
"21.25","-26.25",2011-01-01,3.72638940811157
"23.75","-26.25",2011-01-01,5.71573686599731
"21.25","-28.75",2011-02-01,2.92471885681152
"23.75","-28.75",2011-02-01,3.90386867523193
"21.25","-26.25",2011-02-01,3.52761793136597
"23.75","-26.25",2011-02-01,2.74561882019043
"21.25","-28.75",2011-03-01,1.91468024253845
"23.75","-28.75",2011-03-01,2.42208480834961
"21.25","-26.25",2011-03-01,1.6724214553833
"23.75","-26.25",2011-03-01,1.88164567947388
"21.25","-28.75",2011-04-01,0.91619610786438
"23.75","-28.75",2011-04-01,2.01831483840942
"21.25","-26.25",2011-04-01,2.72291803359985
"23.75","-26.25",2011-04-01,4.24780178070068
"21.25","-28.75",2011-05-01,1.08925747871399
"23.75","-28.75",2011-05-01,1.27645754814148
"21.25","-26.25",2011-05-01,0.580894589424133
"23.75","-26.25",2011-05-01,0.483355939388275
"21.25","-28.75",2011-06-01,0.461474061012268
"23.75","-28.75",2011-06-01,1.13448309898376
"21.25","-26.25",2011-06-01,0.382160693407059
"23.75","-26.25",2011-06-01,0.720373630523682
"21.25","-28.75",2011-07-01,0.0584175363183022
"23.75","-28.75",2011-07-01,0.0613306388258934
"21.25","-26.25",2011-07-01,0.00585434446111321
"23.75","-26.25",2011-07-01,0.0118729937821627
"21.25","-28.75",2011-08-01,0.0655117183923721
"23.75","-28.75",2011-08-01,0.0464208424091339
"21.25","-26.25",2011-08-01,0.0385870262980461
"23.75","-26.25",2011-08-01,0.00438625691458583
"21.25","-28.75",2011-09-01,0.0117368418723345
"23.75","-28.75",2011-09-01,0.0237265899777412
"21.25","-26.25",2011-09-01,0.0595013275742531
"23.75","-26.25",2011-09-01,0.0217442754656076
"21.25","-28.75",2011-10-01,0.00377933890558779
"23.75","-28.75",2011-10-01,0.106106452643871
"21.25","-26.25",2011-10-01,0.0180626902729273
"23.75","-26.25",2011-10-01,0.104443699121475
"21.25","-28.75",2011-11-01,0.380711197853088
"23.75","-28.75",2011-11-01,0.882065415382385
"21.25","-26.25",2011-11-01,0.312640726566315
"23.75","-26.25",2011-11-01,0.732185304164886
"21.25","-28.75",2011-12-01,0.986244440078735
"23.75","-28.75",2011-12-01,1.51917719841003
"21.25","-26.25",2011-12-01,1.71870112419128
"23.75","-26.25",2011-12-01,2.71459603309631
"21.25","-28.75",2012-01-01,0.736429989337921
"23.75","-28.75",2012-01-01,1.07841169834137
"21.25","-26.25",2012-01-01,1.23139178752899
"23.75","-26.25",2012-01-01,1.06606721878052
"21.25","-28.75",2012-02-01,2.00404500961304
"23.75","-28.75",2012-02-01,2.26779651641846
"21.25","-26.25",2012-02-01,3.47093200683594
"23.75","-26.25",2012-02-01,3.01318645477295
"21.25","-28.75",2012-03-01,0.680762767791748
"23.75","-28.75",2012-03-01,1.32943427562714
"21.25","-26.25",2012-03-01,1.63210964202881
"23.75","-26.25",2012-03-01,1.68109178543091
"21.25","-28.75",2012-04-01,1.14209067821503
"23.75","-28.75",2012-04-01,0.891343593597412
"21.25","-26.25",2012-04-01,0.670780301094055
"23.75","-26.25",2012-04-01,0.199334681034088
"21.25","-28.75",2012-05-01,0.0168859697878361
"23.75","-28.75",2012-05-01,0.00906218308955431
"21.25","-26.25",2012-05-01,0.011236522346735
"23.75","-26.25",2012-05-01,0.00135717052035034
"21.25","-28.75",2012-06-01,0.429492771625519
"23.75","-28.75",2012-06-01,0.65425306558609
"21.25","-26.25",2012-06-01,0.568223416805267
"23.75","-26.25",2012-06-01,0.345179677009583
"21.25","-28.75",2012-07-01,0.191344916820526
"23.75","-28.75",2012-07-01,0.153778955340385
"21.25","-26.25",2012-07-01,0.0404461622238159
"23.75","-26.25",2012-07-01,0.0275691207498312
"21.25","-28.75",2012-08-01,0.100404776632786
"23.75","-28.75",2012-08-01,0.0374679900705814
"21.25","-26.25",2012-08-01,0.0282514598220587
"23.75","-26.25",2012-08-01,0.00532826315611601
"21.25","-28.75",2012-09-01,0.0530049949884415
"23.75","-28.75",2012-09-01,0.12532214820385
"21.25","-26.25",2012-09-01,0.050800796598196
"23.75","-26.25",2012-09-01,0.215794295072556
"21.25","-28.75",2012-10-01,0.334404289722443
"23.75","-28.75",2012-10-01,0.898267865180969
"21.25","-26.25",2012-10-01,0.264934420585632
"23.75","-26.25",2012-10-01,0.657612264156342
"21.25","-28.75",2012-11-01,0.405509144067764
"23.75","-28.75",2012-11-01,0.591687560081482
"21.25","-26.25",2012-11-01,0.532704591751099
"23.75","-26.25",2012-11-01,0.766613960266113
"21.25","-28.75",2012-12-01,2.1222403049469
"23.75","-28.75",2012-12-01,3.03352999687195
"21.25","-26.25",2012-12-01,2.0653862953186
"23.75","-26.25",2012-12-01,3.49412298202515
"21.25","-28.75",2013-01-01,0.603310406208038
"23.75","-28.75",2013-01-01,1.37573266029358
"21.25","-26.25",2013-01-01,0.812979638576508
"23.75","-26.25",2013-01-01,1.52573561668396
"21.25","-28.75",2013-02-01,0.22558768093586
"23.75","-28.75",2013-02-01,1.16976892948151
"21.25","-26.25",2013-02-01,0.663836598396301
"23.75","-26.25",2013-02-01,1.58849477767944
"21.25","-28.75",2013-03-01,2.10143899917603
"23.75","-28.75",2013-03-01,2.24356532096863
"21.25","-26.25",2013-03-01,2.86482739448547
"23.75","-26.25",2013-03-01,2.0485372543335
"21.25","-28.75",2013-04-01,0.0823790580034256
"23.75","-28.75",2013-04-01,0.295547544956207
"21.25","-26.25",2013-04-01,0.130777195096016
"23.75","-26.25",2013-04-01,0.653358638286591
"21.25","-28.75",2013-05-01,0.0253632944077253
"23.75","-28.75",2013-05-01,0.0196590479463339
"21.25","-26.25",2013-05-01,0.0177796501666307
"23.75","-26.25",2013-05-01,0.00598933082073927
"21.25","-28.75",2013-06-01,0.0291399471461773
"23.75","-28.75",2013-06-01,0.000207459161174484
"21.25","-26.25",2013-06-01,0.0315998196601868
"23.75","-26.25",2013-06-01,0.0015106126666069
"21.25","-28.75",2013-07-01,0.29327654838562
"23.75","-28.75",2013-07-01,0.218684762716293
"21.25","-26.25",2013-07-01,0.0623965561389923
"23.75","-26.25",2013-07-01,0.0798207595944405
"21.25","-28.75",2013-08-01,0.0332620590925217
"23.75","-28.75",2013-08-01,0.00472692679613829
"21.25","-26.25",2013-08-01,0.0335075370967388
"23.75","-26.25",2013-08-01,0.00186040205881
"21.25","-28.75",2013-09-01,0.0631102100014687
"23.75","-28.75",2013-09-01,0.0299974866211414
"21.25","-26.25",2013-09-01,0.0918661132454872
"23.75","-26.25",2013-09-01,0.0134473741054535
"21.25","-28.75",2013-10-01,0.186249703168869
"23.75","-28.75",2013-10-01,0.412239372730255
"21.25","-26.25",2013-10-01,0.0537552013993263
"23.75","-26.25",2013-10-01,0.312600374221802
"21.25","-28.75",2013-11-01,0.158172637224197
"23.75","-28.75",2013-11-01,0.598849177360535
"21.25","-26.25",2013-11-01,0.392201781272888
"23.75","-26.25",2013-11-01,0.720418155193329
"21.25","-28.75",2013-12-01,1.92158639431
"23.75","-28.75",2013-12-01,2.69742584228516
"21.25","-26.25",2013-12-01,2.37322282791138
"23.75","-26.25",2013-12-01,2.86273527145386
"21.25","-28.75",2014-01-01,0.508274555206299
"23.75","-28.75",2014-01-01,1.20514225959778
"21.25","-26.25",2014-01-01,1.08154892921448
"23.75","-26.25",2014-01-01,2.32452583312988
"21.25","-28.75",2014-02-01,2.29069375991821
"23.75","-28.75",2014-02-01,2.66097521781921
"21.25","-26.25",2014-02-01,2.96147108078003
"23.75","-26.25",2014-02-01,4.0456109046936
"21.25","-28.75",2014-03-01,1.46183466911316
"23.75","-28.75",2014-03-01,1.63886713981628
"21.25","-26.25",2014-03-01,2.3561863899231
"23.75","-26.25",2014-03-01,2.33851909637451
"21.25","-28.75",2014-04-01,0.746479630470276
"23.75","-28.75",2014-04-01,0.529131352901459
"21.25","-26.25",2014-04-01,0.349778383970261
"23.75","-26.25",2014-04-01,0.258979320526123
"21.25","-28.75",2014-05-01,0.604024589061737
"23.75","-28.75",2014-05-01,0.816321313381195
"21.25","-26.25",2014-05-01,0.429469585418701
"23.75","-26.25",2014-05-01,0.366639673709869
"21.25","-28.75",2014-06-01,0.0346230007708073
"23.75","-28.75",2014-06-01,0.000297222199151292
"21.25","-26.25",2014-06-01,0.0386036783456802
"23.75","-26.25",2014-06-01,0.0142843620851636
"21.25","-28.75",2014-07-01,0.0168152265250683
"23.75","-28.75",2014-07-01,0.0201593358069658
"21.25","-26.25",2014-07-01,0.0404479056596756
"23.75","-26.25",2014-07-01,0.014374434016645
"21.25","-28.75",2014-08-01,0.308277368545532
"23.75","-28.75",2014-08-01,0.511059939861298
"21.25","-26.25",2014-08-01,0.0720207020640373
"23.75","-26.25",2014-08-01,0.265228807926178
"21.25","-28.75",2014-09-01,0.240273222327232
"23.75","-28.75",2014-09-01,0.16289858520031
"21.25","-26.25",2014-09-01,0.107182905077934
"23.75","-26.25",2014-09-01,0.0315009839832783
"21.25","-28.75",2014-10-01,0.257279545068741
"23.75","-28.75",2014-10-01,0.296759366989136
"21.25","-26.25",2014-10-01,0.217861384153366
"23.75","-26.25",2014-10-01,0.088046483695507
"21.25","-28.75",2014-11-01,1.24627530574799
"23.75","-28.75",2014-11-01,2.32990193367004
"21.25","-26.25",2014-11-01,0.950062990188599
"23.75","-26.25",2014-11-01,2.03766870498657
"21.25","-28.75",2014-12-01,0.215487748384476
"23.75","-28.75",2014-12-01,1.22817063331604
"21.25","-26.25",2014-12-01,0.671856284141541
"23.75","-26.25",2014-12-01,1.92770910263062
"21.25","-28.75",2015-01-01,0.670396149158478
"23.75","-28.75",2015-01-01,0.655462682247162
"21.25","-26.25",2015-01-01,0.752470970153809
"23.75","-26.25",2015-01-01,0.572654843330383
"21.25","-28.75",2015-02-01,0.1923648416996
"23.75","-28.75",2015-02-01,1.33848702907562
"21.25","-26.25",2015-02-01,0.597748279571533
"23.75","-26.25",2015-02-01,0.655769228935242
"21.25","-28.75",2015-03-01,1.82738375663757
"23.75","-28.75",2015-03-01,1.77491736412048
"21.25","-26.25",2015-03-01,2.21419906616211
"23.75","-26.25",2015-03-01,1.74001145362854
"21.25","-28.75",2015-04-01,0.519947648048401
"23.75","-28.75",2015-04-01,0.503264725208282
"21.25","-26.25",2015-04-01,0.802776455879211
"23.75","-26.25",2015-04-01,0.609031558036804
"21.25","-28.75",2015-05-01,0.021648071706295
"23.75","-28.75",2015-05-01,0.00489551480859518
"21.25","-26.25",2015-05-01,0.00380575750023127
"23.75","-26.25",2015-05-01,0.00114859954919666
"21.25","-28.75",2015-06-01,0.454362154006958
"23.75","-28.75",2015-06-01,0.568115413188934
"21.25","-26.25",2015-06-01,0.126222655177116
"23.75","-26.25",2015-06-01,0.257779896259308
"21.25","-28.75",2015-07-01,0.105284243822098
"23.75","-28.75",2015-07-01,0.367698907852173
"21.25","-26.25",2015-07-01,0.0985592231154442
"23.75","-26.25",2015-07-01,0.122188687324524
"21.25","-28.75",2015-08-01,0.224916756153107
"23.75","-28.75",2015-08-01,0.0977075695991516
"21.25","-26.25",2015-08-01,0.027795160189271
"23.75","-26.25",2015-08-01,0.00753480987623334
"21.25","-28.75",2015-09-01,0.376962453126907
"23.75","-28.75",2015-09-01,0.369170516729355
"21.25","-26.25",2015-09-01,0.14931708574295
"23.75","-26.25",2015-09-01,0.686299324035645
"21.25","-28.75",2015-10-01,0.161858022212982
"23.75","-28.75",2015-10-01,0.32145220041275
"21.25","-26.25",2015-10-01,0.0680940821766853
"23.75","-26.25",2015-10-01,0.204805910587311
"21.25","-28.75",2015-11-01,0.0496548414230347
"23.75","-28.75",2015-11-01,0.163522765040398
"21.25","-26.25",2015-11-01,0.105039864778519
"23.75","-26.25",2015-11-01,0.546141088008881
"21.25","-28.75",2015-12-01,0.0756515935063362
"23.75","-28.75",2015-12-01,0.176074057817459
"21.25","-26.25",2015-12-01,0.101313047111034
"23.75","-26.25",2015-12-01,0.154689908027649
"21.25","-28.75",2016-01-01,2.31754684448242
"23.75","-28.75",2016-01-01,2.44191431999207
"21.25","-26.25",2016-01-01,2.48018670082092
"23.75","-26.25",2016-01-01,1.97883176803589
"21.25","-28.75",2016-02-01,0.674896478652954
"23.75","-28.75",2016-02-01,0.970405578613281
"21.25","-26.25",2016-02-01,1.09326386451721
"23.75","-26.25",2016-02-01,0.743808746337891
"21.25","-28.75",2016-03-01,0.709572017192841
"23.75","-28.75",2016-03-01,1.14799892902374
"21.25","-26.25",2016-03-01,1.20436978340149
"23.75","-26.25",2016-03-01,1.4197610616684
"21.25","-28.75",2016-04-01,0.735523700714111
"23.75","-28.75",2016-04-01,1.52644896507263
"21.25","-26.25",2016-04-01,1.59224939346313
"23.75","-26.25",2016-04-01,1.67115426063538
"21.25","-28.75",2016-05-01,0.958024859428406
"23.75","-28.75",2016-05-01,1.25535941123962
"21.25","-26.25",2016-05-01,0.706916272640228
"23.75","-26.25",2016-05-01,0.661795794963837
"21.25","-28.75",2016-06-01,0.00790142267942429
"23.75","-28.75",2016-06-01,0.0829365104436874
"21.25","-26.25",2016-06-01,0.0213189292699099
"23.75","-26.25",2016-06-01,0.109918117523193
"21.25","-28.75",2016-07-01,0.124528273940086
"23.75","-28.75",2016-07-01,0.175523743033409
"21.25","-26.25",2016-07-01,0.0884026139974594
"23.75","-26.25",2016-07-01,0.132135510444641
"21.25","-28.75",2016-08-01,0.0685129538178444
"23.75","-28.75",2016-08-01,0.0916980728507042
"21.25","-26.25",2016-08-01,0.0208971630781889
"23.75","-26.25",2016-08-01,0.00453211693093181
"21.25","-28.75",2016-09-01,0.117697402834892
"23.75","-28.75",2016-09-01,0.0868964791297913
"21.25","-26.25",2016-09-01,0.023603443056345
"23.75","-26.25",2016-09-01,0.0587182641029358
"21.25","-28.75",2016-10-01,0.089020200073719
"23.75","-28.75",2016-10-01,0.413239330053329
"21.25","-26.25",2016-10-01,0.0921256095170975
"23.75","-26.25",2016-10-01,0.51850152015686
"21.25","-28.75",2016-11-01,0.122272580862045
"23.75","-28.75",2016-11-01,0.665999054908752
"21.25","-26.25",2016-11-01,0.301815748214722
"23.75","-26.25",2016-11-01,1.32751750946045
"21.25","-28.75",2016-12-01,0.187950268387794
"23.75","-28.75",2016-12-01,1.14814651012421
"21.25","-26.25",2016-12-01,0.855705261230469
"23.75","-26.25",2016-12-01,1.39035701751709
"21.25","-28.75",2017-01-01,2.06971120834351
"23.75","-28.75",2017-01-01,3.60098791122437
"21.25","-26.25",2017-01-01,2.7895781993866
"23.75","-26.25",2017-01-01,4.16014194488525
"21.25","-28.75",2017-02-01,3.41612005233765
"23.75","-28.75",2017-02-01,5.30537843704224
"21.25","-26.25",2017-02-01,3.97174787521362
"23.75","-26.25",2017-02-01,6.37647438049316
"21.25","-28.75",2017-03-01,0.394126832485199
"23.75","-28.75",2017-03-01,0.464288413524628
"21.25","-26.25",2017-03-01,0.617221295833588
"23.75","-26.25",2017-03-01,0.216036111116409
"21.25","-28.75",2017-04-01,1.08089065551758
"23.75","-28.75",2017-04-01,1.39329659938812
"21.25","-26.25",2017-04-01,1.687664270401
"23.75","-26.25",2017-04-01,1.59717190265656
"21.25","-28.75",2017-05-01,0.207707524299622
"23.75","-28.75",2017-05-01,0.272930532693863
"21.25","-26.25",2017-05-01,0.0480425171554089
"23.75","-26.25",2017-05-01,0.024829275906086
"21.25","-28.75",2017-06-01,0.0512486658990383
"23.75","-28.75",2017-06-01,0.00608845660462976
"21.25","-26.25",2017-06-01,0.0210941750556231
"23.75","-26.25",2017-06-01,0.000226305448450148
"21.25","-28.75",2017-07-01,0.0142474891617894
"23.75","-28.75",2017-07-01,0.0122206080704927
"21.25","-26.25",2017-07-01,0.0119743049144745
"23.75","-26.25",2017-07-01,0.0161604583263397
"21.25","-28.75",2017-08-01,0.00825298018753529
"23.75","-28.75",2017-08-01,0.000323516287608072
"21.25","-26.25",2017-08-01,0.0110775930806994
"23.75","-26.25",2017-08-01,0.000115682021714747
"21.25","-28.75",2017-09-01,0.011253752745688
"23.75","-28.75",2017-09-01,0.111907854676247
"21.25","-26.25",2017-09-01,0.0489077121019363
"23.75","-26.25",2017-09-01,0.156381100416183
"21.25","-28.75",2017-10-01,0.431397289037704
"23.75","-28.75",2017-10-01,0.924728989601135
"21.25","-26.25",2017-10-01,0.468607097864151
"23.75","-26.25",2017-10-01,1.15017712116241
"21.25","-28.75",2017-11-01,0.137940719723701
"23.75","-28.75",2017-11-01,0.174825713038445
"21.25","-26.25",2017-11-01,0.282740890979767
"23.75","-26.25",2017-11-01,0.53210711479187
"21.25","-28.75",2017-12-01,0.444972306489944
"23.75","-28.75",2017-12-01,1.12829327583313
"21.25","-26.25",2017-12-01,0.942551672458649
"23.75","-26.25",2017-12-01,1.26855206489563
"21.25","-28.75",2018-01-01,0.608110010623932
"23.75","-28.75",2018-01-01,1.61296701431274
"21.25","-26.25",2018-01-01,0.824770212173462
"23.75","-26.25",2018-01-01,2.13943982124329
"21.25","-28.75",2018-02-01,1.32502770423889
"23.75","-28.75",2018-02-01,1.9545419216156
"21.25","-26.25",2018-02-01,1.76710820198059
"23.75","-26.25",2018-02-01,1.98811864852905
"21.25","-28.75",2018-03-01,0.734281063079834
"23.75","-28.75",2018-03-01,2.27334213256836
"21.25","-26.25",2018-03-01,1.30431795120239
"23.75","-26.25",2018-03-01,2.61862850189209
"21.25","-28.75",2018-04-01,2.274498462677
"23.75","-28.75",2018-04-01,2.80793523788452
"21.25","-26.25",2018-04-01,2.71365594863892
"23.75","-26.25",2018-04-01,2.47438907623291
"21.25","-28.75",2018-05-01,0.234762758016586
"23.75","-28.75",2018-05-01,0.311552822589874
"21.25","-26.25",2018-05-01,0.0811237245798111
"23.75","-26.25",2018-05-01,0.168286710977554
"21.25","-28.75",2018-06-01,0.000251707475399598
"23.75","-28.75",2018-06-01,0.00010601961548673
"21.25","-26.25",2018-06-01,0.0182976089417934
"23.75","-26.25",2018-06-01,0.00566121190786362
"21.25","-28.75",2018-07-01,0.137150973081589
"23.75","-28.75",2018-07-01,0.060519602149725
"21.25","-26.25",2018-07-01,0.0521125048398972
"23.75","-26.25",2018-07-01,0.171739652752876
"21.25","-28.75",2018-08-01,0.120986133813858
"23.75","-28.75",2018-08-01,0.122495353221893
"21.25","-26.25",2018-08-01,0.0137730892747641
"23.75","-26.25",2018-08-01,0.0109579004347324
"21.25","-28.75",2018-09-01,0.142059907317162
"23.75","-28.75",2018-09-01,0.223621040582657
"21.25","-26.25",2018-09-01,0.0626027286052704
"23.75","-26.25",2018-09-01,0.116967409849167
"21.25","-28.75",2018-10-01,0.153742849826813
"23.75","-28.75",2018-10-01,0.434141308069229
"21.25","-26.25",2018-10-01,0.30526414513588
"23.75","-26.25",2018-10-01,0.414908587932587
"21.25","-28.75",2018-11-01,0.105642482638359
"23.75","-28.75",2018-11-01,0.330784261226654
"21.25","-26.25",2018-11-01,0.194084540009499
"23.75","-26.25",2018-11-01,0.336300373077393
"21.25","-28.75",2018-12-01,0.0663575977087021
"23.75","-28.75",2018-12-01,0.189417153596878
"21.25","-26.25",2018-12-01,0.22440767288208
"23.75","-26.25",2018-12-01,0.780746579170227
"21.25","-28.75",2019-01-01,0.237335056066513
"23.75","-28.75",2019-01-01,0.719277143478394
"21.25","-26.25",2019-01-01,0.509151935577393
"23.75","-26.25",2019-01-01,0.891589820384979
"21.25","-28.75",2019-02-01,1.17255043983459
"23.75","-28.75",2019-02-01,2.19469499588013
"21.25","-26.25",2019-02-01,1.22319269180298
"23.75","-26.25",2019-02-01,1.99512195587158
"21.25","-28.75",2019-03-01,0.427395284175873
"23.75","-28.75",2019-03-01,1.66707134246826
"21.25","-26.25",2019-03-01,0.623184621334076
"23.75","-26.25",2019-03-01,1.07962834835052
"21.25","-28.75",2019-04-01,0.578504621982574
"23.75","-28.75",2019-04-01,2.7850399017334
"21.25","-26.25",2019-04-01,1.18163847923279
"23.75","-26.25",2019-04-01,3.03803968429565
"21.25","-28.75",2019-05-01,0.202952772378922
"23.75","-28.75",2019-05-01,0.282794058322906
"21.25","-26.25",2019-05-01,0.125212222337723
"23.75","-26.25",2019-05-01,0.127818465232849
"21.25","-28.75",2019-06-01,0.00591182801872492
"23.75","-28.75",2019-06-01,0.000287013128399849
"21.25","-26.25",2019-06-01,0.0132351657375693
"23.75","-26.25",2019-06-01,0.00407531578093767
"21.25","-28.75",2019-07-01,0.0108177876099944
"23.75","-28.75",2019-07-01,0.00743273226544261
"21.25","-26.25",2019-07-01,0.00396627839654684
"23.75","-26.25",2019-07-01,0.00191878480836749
"21.25","-28.75",2019-08-01,0.00568356877192855
"23.75","-28.75",2019-08-01,0.000291586358798668
"21.25","-26.25",2019-08-01,0.00525915808975697
"23.75","-26.25",2019-08-01,8.13995848147897e-06
"21.25","-28.75",2019-09-01,0.0614902041852474
"23.75","-28.75",2019-09-01,0.00734651600942016
"21.25","-26.25",2019-09-01,0.00372438388876617
"23.75","-26.25",2019-09-01,0.014330118894577
"21.25","-28.75",2019-10-01,0.102410607039928
"23.75","-28.75",2019-10-01,0.0622675120830536
"21.25","-26.25",2019-10-01,0.159429028630257
"23.75","-26.25",2019-10-01,0.153489470481873
"21.25","-28.75",2019-11-01,0.0708201229572296
"23.75","-28.75",2019-11-01,0.322122633457184
"21.25","-26.25",2019-11-01,0.159821227192879
"23.75","-26.25",2019-11-01,0.92775696516037
"21.25","-28.75",2019-12-01,0.767600953578949
"23.75","-28.75",2019-12-01,1.33499586582184
"21.25","-26.25",2019-12-01,1.78550744056702
"23.75","-26.25",2019-12-01,2.75408172607422
"21.25","-28.75",2020-01-01,0.50021505355835
"23.75","-28.75",2020-01-01,1.26979470252991
"21.25","-26.25",2020-01-01,1.51345062255859
"23.75","-26.25",2020-01-01,3.33051800727844
"21.25","-28.75",2020-02-01,2.03528785705566
"23.75","-28.75",2020-02-01,4.02527141571045
"21.25","-26.25",2020-02-01,2.4444100856781
"23.75","-26.25",2020-02-01,3.25544357299805
"21.25","-28.75",2020-03-01,0.936739265918732
"23.75","-28.75",2020-03-01,2.63301753997803
"21.25","-26.25",2020-03-01,1.54418635368347
"23.75","-26.25",2020-03-01,2.48459768295288
"21.25","-28.75",2020-04-01,0.595913052558899
"23.75","-28.75",2020-04-01,1.42700326442719
"21.25","-26.25",2020-04-01,0.561598420143127
"23.75","-26.25",2020-04-01,1.51133799552917
"21.25","-28.75",2020-05-01,0.00135877809952945
"23.75","-28.75",2020-05-01,0.000452182837761939
"21.25","-26.25",2020-05-01,0.00597000401467085
"23.75","-26.25",2020-05-01,0.000130297485156916
"21.25","-28.75",2020-06-01,0
"23.75","-28.75",2020-06-01,0
"21.25","-26.25",2020-06-01,0.0139323361217976
"23.75","-26.25",2020-06-01,0.00119003828149289
"21.25","-28.75",2020-07-01,0.0638951882719994
"23.75","-28.75",2020-07-01,0.0376896597445011
"21.25","-26.25",2020-07-01,0.010437423363328
"23.75","-26.25",2020-07-01,0.00158977438695729
"21.25","-28.75",2020-08-01,0.027314580976963
"23.75","-28.75",2020-08-01,0.000930158596020192
"21.25","-26.25",2020-08-01,0.0230280179530382
"23.75","-26.25",2020-08-01,0.00129625527188182
"21.25","-28.75",2020-09-01,0.0444244183599949
"23.75","-28.75",2020-09-01,0.197075545787811
"21.25","-26.25",2020-09-01,0.0695875361561775
"23.75","-26.25",2020-09-01,0.0798053294420242
"21.25","-28.75",2020-10-01,0.167031586170197
"23.75","-28.75",2020-10-01,0.780565857887268
"21.25","-26.25",2020-10-01,0.253689855337143
"23.75","-26.25",2020-10-01,0.491478800773621
"21.25","-28.75",2020-11-01,1.22115135192871
"23.75","-28.75",2020-11-01,2.97743153572083
"21.25","-26.25",2020-11-01,1.91530156135559
"23.75","-26.25",2020-11-01,2.95712375640869
"21.25","-28.75",2020-12-01,1.27411353588104
"23.75","-28.75",2020-12-01,2.68928289413452
"21.25","-26.25",2020-12-01,2.24784731864929
"23.75","-26.25",2020-12-01,2.3003261089325
"21.25","-28.75",2021-01-01,2.92139220237732
"23.75","-28.75",2021-01-01,5.43742752075195
"21.25","-26.25",2021-01-01,4.15641736984253
"23.75","-26.25",2021-01-01,4.21476173400879
"21.25","-28.75",2021-02-01,1.28180932998657
"23.75","-28.75",2021-02-01,2.33659601211548
"21.25","-26.25",2021-02-01,2.39065289497375
"23.75","-26.25",2021-02-01,3.72438645362854
"21.25","-28.75",2021-03-01,1.59105145931244
"23.75","-28.75",2021-03-01,2.30166149139404
"21.25","-26.25",2021-03-01,2.73516082763672
"23.75","-26.25",2021-03-01,2.01708507537842
"21.25","-28.75",2021-04-01,0.208706557750702
"23.75","-28.75",2021-04-01,0.67291271686554
"21.25","-26.25",2021-04-01,0.246481165289879
"23.75","-26.25",2021-04-01,0.544017612934113
"21.25","-28.75",2021-05-01,0.00784754473716021
"23.75","-28.75",2021-05-01,0.0195115506649017
"21.25","-26.25",2021-05-01,0.00857466738671064
"23.75","-26.25",2021-05-01,0.009715904481709
"21.25","-28.75",2021-06-01,0.166666522622108
"23.75","-28.75",2021-06-01,0.102874778211117
"21.25","-26.25",2021-06-01,0.0883155986666679
"23.75","-26.25",2021-06-01,0.251673310995102
"21.25","-28.75",2021-07-01,0.11588592082262
"23.75","-28.75",2021-07-01,0.0217318423092365
"21.25","-26.25",2021-07-01,0.0700077414512634
"23.75","-26.25",2021-07-01,0.0076998071745038
"21.25","-28.75",2021-08-01,0.100767806172371
"23.75","-28.75",2021-08-01,0.325743287801743
"21.25","-26.25",2021-08-01,0.16425521671772
"23.75","-26.25",2021-08-01,0.235762357711792
